Source,Unique_ID,Ticker,Date,URL,Finance,Production,Reserves / Exploration / Acquisitions / Mergers / Divestments,Environment / Regulatory / Geopolitics,Alternative Energy / Lower Carbon,Oil Price / Natural Gas Price / Gasoline Price
Investment Research,IR-3734 1,HES,2021-11-13,,Neutral,Neutral,Neutral,Negative,Neutral,Neutral
Investment Research,IR-3734 2,HES,2021-11-13,,Positive,Neutral,Positive,Negative,Neutral,Positive
Investment Research,IR-3734 3,HES,2021-11-13,,Positive,Neutral,Positive,Negative,Neutral,Positive
Investment Research,IR-3734 4,HES,2021-11-13,,Positive,Neutral,Positive,Negative,Neutral,Neutral
Investment Research,IR-3734 5,HES,2021-11-13,,Positive,Neutral,Negative,Neutral,Neutral,Positive
Investment Research,IR-3734 6,HES,2021-11-13,,Positive,Positive,Positive,Negative,Neutral,Neutral
Investment Research,IR-3734 7,HES,2021-11-13,,Positive,Neutral,Positive,Negative,Neutral,Neutral
Investment Research,IR-3734 8,HES,2021-11-13,,Positive,Neutral,Positive,Negative,Neutral,Neutral
Investment Research,IR-3734 9,HES,2021-11-13,,Positive,Neutral,Positive,Negative,Neutral,Neutral
Investment Research,IR-3734 10,HES,2021-11-13,,Positive,Neutral,Positive,Negative,Neutral,Neutral
Investment Research,IR-726 1,MRO,2022-05-21,,Neutral,Positive,Neutral,Negative,Neutral,Positive
Investment Research,IR-726 2,MRO,2022-05-21,,Neutral,Neutral,Negative,Negative,Neutral,Positive
Investment Research,IR-726 3,MRO,2022-05-21,,Neutral,Neutral,Neutral,Negative,Neutral,Neutral
Investment Research,IR-726 4,MRO,2022-05-21,,Positive,Neutral,Negative,Neutral,Neutral,Neutral
Investment Research,IR-726 5,MRO,2022-05-21,,Positive,Neutral,Negative,Negative,Neutral,Neutral
Investment Research,IR-726 6,MRO,2022-05-21,,Positive,Neutral,Negative,Negative,Neutral,Positive
Investment Research,IR-726 7,MRO,2022-05-21,,Positive,Neutral,Neutral,Negative,Neutral,Positive
Investment Research,IR-726 8,MRO,2022-05-21,,Positive,Neutral,Negative,Negative,Neutral,Positive
Investment Research,IR-726 9,MRO,2022-05-21,,Positive,Neutral,Neutral,Negative,Neutral,Positive
Investment Research,IR-726 10,MRO,2022-05-21,,Neutral,Positive,Negative,Negative,Neutral,Positive
Investment Research,IR-299 1,MRO,2023-06-24,,Positive,Neutral,Positive,Negative,Neutral,Neutral
Investment Research,IR-299 2,MRO,2023-06-24,,Positive,Positive,Positive,Negative,Neutral,Neutral
Investment Research,IR-299 3,MRO,2023-06-24,,Neutral,Positive,Positive,Negative,Neutral,Neutral
Investment Research,IR-299 4,MRO,2023-06-24,,Positive,Neutral,Positive,Neutral,Neutral,Neutral
Investment Research,IR-299 5,MRO,2023-06-24,,Positive,Neutral,Positive,Negative,Neutral,Neutral
Investment Research,IR-299 6,MRO,2023-06-24,,Neutral,Neutral,Positive,Negative,Neutral,Negative
Investment Research,IR-299 7,MRO,2023-06-24,,Positive,Neutral,Positive,Negative,Neutral,Negative
Investment Research,IR-299 8,MRO,2023-06-24,,Positive,Neutral,Positive,Negative,Neutral,Negative
Investment Research,IR-299 9,MRO,2023-06-24,,Positive,Neutral,Positive,Negative,Neutral,Neutral
Investment Research,IR-299 10,MRO,2023-06-24,,Positive,Neutral,Positive,Negative,Neutral,Neutral
Investment Research,IR-2095 1,CVX,2021-11-21,,Positive,Neutral,Neutral,Neutral,Positive,Neutral
Investment Research,IR-2095 2,CVX,2021-11-21,,Positive,Neutral,Neutral,Neutral,Neutral,Neutral
Investment Research,IR-2095 3,CVX,2021-11-21,,Positive,Neutral,Neutral,Neutral,Positive,Positive
Investment Research,IR-2095 4,CVX,2021-11-21,,Positive,Neutral,Neutral,Neutral,Positive,Positive
Investment Research,IR-2095 5,CVX,2021-11-21,,Positive,Neutral,Neutral,Neutral,Positive,Positive
Investment Research,IR-2095 6,CVX,2021-11-21,,Positive,Neutral,Neutral,Neutral,Neutral,Positive
Investment Research,IR-2095 7,CVX,2021-11-21,,Positive,Neutral,Neutral,Neutral,Neutral,Positive
Investment Research,IR-2095 8,CVX,2021-11-21,,Positive,Neutral,Neutral,Neutral,Positive,Positive
Investment Research,IR-2095 9,CVX,2021-11-21,,Positive,Neutral,Positive,Neutral,Positive,Positive
Investment Research,IR-2095 10,CVX,2021-11-21,,Positive,Negative,Neutral,Negative,Positive,Neutral
Investment Research,IR-4168 1,HES,2021-02-20,,Neutral,Positive,Positive,Negative,Neutral,Neutral
Investment Research,IR-4168 2,HES,2021-02-20,,Neutral,Positive,Positive,Negative,Neutral,Negative
Investment Research,IR-4168 3,HES,2021-02-20,,Neutral,Positive,Positive,Negative,Neutral,Neutral
Investment Research,IR-4168 4,HES,2021-02-20,,Neutral,Neutral,Positive,Negative,Neutral,Neutral
Investment Research,IR-4168 5,HES,2021-02-20,,Neutral,Positive,Positive,Negative,Neutral,Negative
Investment Research,IR-4168 6,HES,2021-02-20,,Neutral,Neutral,Positive,Negative,Neutral,Neutral
Investment Research,IR-4168 7,HES,2021-02-20,,Neutral,Positive,Positive,Negative,Neutral,Neutral
Investment Research,IR-4168 8,HES,2021-02-20,,Neutral,Positive,Positive,Negative,Neutral,Neutral
Investment Research,IR-4168 9,HES,2021-02-20,,Neutral,Positive,Positive,Negative,Neutral,Neutral
Investment Research,IR-4168 10,HES,2021-02-20,,Neutral,Neutral,Positive,Negative,Neutral,Neutral
ProQuest,PQ-2540764382 1,XOM,2021-06-15,https://www.proquest.com/newspapers/exxon-stock-could-rise-40-with-big-dividend/docview/2540764382/se-2?accountid=7064,Positive,Neutral,Neutral,Neutral,Neutral,Positive
ProQuest,PQ-2540764382 2,XOM,2021-06-15,https://www.proquest.com/newspapers/exxon-stock-could-rise-40-with-big-dividend/docview/2540764382/se-2?accountid=7064,Positive,Neutral,Negative,Neutral,Neutral,Positive
ProQuest,PQ-2540764382 3,XOM,2021-06-15,https://www.proquest.com/newspapers/exxon-stock-could-rise-40-with-big-dividend/docview/2540764382/se-2?accountid=7064,Positive,Neutral,Neutral,Neutral,Neutral,Positive
ProQuest,PQ-2540764382 4,XOM,2021-06-15,https://www.proquest.com/newspapers/exxon-stock-could-rise-40-with-big-dividend/docview/2540764382/se-2?accountid=7064,Positive,Neutral,Neutral,Neutral,Neutral,Positive
ProQuest,PQ-2540764382 5,XOM,2021-06-15,https://www.proquest.com/newspapers/exxon-stock-could-rise-40-with-big-dividend/docview/2540764382/se-2?accountid=7064,Positive,Neutral,Neutral,Neutral,Neutral,Positive
ProQuest,PQ-2540764382 6,XOM,2021-06-15,https://www.proquest.com/newspapers/exxon-stock-could-rise-40-with-big-dividend/docview/2540764382/se-2?accountid=7064,Positive,Neutral,Neutral,Neutral,Neutral,Positive
ProQuest,PQ-2540764382 7,XOM,2021-06-15,https://www.proquest.com/newspapers/exxon-stock-could-rise-40-with-big-dividend/docview/2540764382/se-2?accountid=7064,Positive,Neutral,Neutral,Negative,Neutral,Positive
ProQuest,PQ-2540764382 8,XOM,2021-06-15,https://www.proquest.com/newspapers/exxon-stock-could-rise-40-with-big-dividend/docview/2540764382/se-2?accountid=7064,Positive,Neutral,Neutral,Negative,Neutral,Positive
ProQuest,PQ-2540764382 9,XOM,2021-06-15,https://www.proquest.com/newspapers/exxon-stock-could-rise-40-with-big-dividend/docview/2540764382/se-2?accountid=7064,Positive,Neutral,Neutral,Negative,Neutral,Positive
ProQuest,PQ-2540764382 10,XOM,2021-06-15,https://www.proquest.com/newspapers/exxon-stock-could-rise-40-with-big-dividend/docview/2540764382/se-2?accountid=7064,Positive,Neutral,Neutral,Negative,Neutral,Positive
ProQuest,PQ-2415718613 1,CVX,2020-06-23,https://www.proquest.com/newspapers/exchange-business-news-rising-oil-prices-deliver/docview/2520102781/se-2?accountid=7064,Positive,Neutral,Neutral,Neutral,Neutral,Positive
ProQuest,PQ-2415718613 2,CVX,2020-06-23,https://www.proquest.com/newspapers/exchange-business-news-rising-oil-prices-deliver/docview/2520102781/se-2?accountid=7064,Positive,Neutral,Negative,Neutral,Neutral,Positive
ProQuest,PQ-2415718613 3,CVX,2020-06-23,https://www.proquest.com/newspapers/exchange-business-news-rising-oil-prices-deliver/docview/2520102781/se-2?accountid=7064,Positive,Neutral,Neutral,Negative,Neutral,Positive
ProQuest,PQ-2415718613 4,CVX,2020-06-23,https://www.proquest.com/newspapers/exchange-business-news-rising-oil-prices-deliver/docview/2520102781/se-2?accountid=7064,Positive,Neutral,Neutral,Negative,Neutral,Neutral
ProQuest,PQ-2415718613 5,CVX,2020-06-23,https://www.proquest.com/newspapers/exchange-business-news-rising-oil-prices-deliver/docview/2520102781/se-2?accountid=7064,Positive,Neutral,Neutral,Negative,Neutral,Positive
ProQuest,PQ-2415718613 6,CVX,2020-06-23,https://www.proquest.com/newspapers/exchange-business-news-rising-oil-prices-deliver/docview/2520102781/se-2?accountid=7064,Positive,Neutral,Neutral,Neutral,Neutral,Positive
ProQuest,PQ-2415718613 7,CVX,2020-06-23,https://www.proquest.com/newspapers/exchange-business-news-rising-oil-prices-deliver/docview/2520102781/se-2?accountid=7064,Positive,Negative,Neutral,Neutral,Neutral,Positive
ProQuest,PQ-2415718613 8,CVX,2020-06-23,https://www.proquest.com/newspapers/exchange-business-news-rising-oil-prices-deliver/docview/2520102781/se-2?accountid=7064,Positive,Neutral,Neutral,Neutral,Neutral,Positive
ProQuest,PQ-2415718613 9,CVX,2020-06-23,https://www.proquest.com/newspapers/exchange-business-news-rising-oil-prices-deliver/docview/2520102781/se-2?accountid=7064,Positive,Neutral,Neutral,Neutral,Neutral,Positive
ProQuest,PQ-2415718613 10,CVX,2020-06-23,https://www.proquest.com/newspapers/exchange-business-news-rising-oil-prices-deliver/docview/2520102781/se-2?accountid=7064,Positive,Neutral,Neutral,Neutral,Neutral,Positive
ProQuest,PQ-2641736904 1,XOM,2022-03-23,https://www.proquest.com/newspapers/so-much-climate-activism-at-exxon-mobil/docview/2641736904/se-2?accountid=7064,Positive,Positive,Neutral,Negative,Negative,Neutral
ProQuest,PQ-2641736904 2,XOM,2022-03-23,https://www.proquest.com/newspapers/so-much-climate-activism-at-exxon-mobil/docview/2641736904/se-2?accountid=7064,Positive,Positive,Neutral,Negative,Neutral,Neutral
ProQuest,PQ-2641736904 3,XOM,2022-03-23,https://www.proquest.com/newspapers/so-much-climate-activism-at-exxon-mobil/docview/2641736904/se-2?accountid=7064,Positive,Neutral,Neutral,Negative,Negative,Neutral
ProQuest,PQ-2641736904 4,XOM,2022-03-23,https://www.proquest.com/newspapers/so-much-climate-activism-at-exxon-mobil/docview/2641736904/se-2?accountid=7064,Negative,Neutral,Neutral,Neutral,Neutral,Neutral
ProQuest,PQ-2641736904 5,XOM,2022-03-23,https://www.proquest.com/newspapers/so-much-climate-activism-at-exxon-mobil/docview/2641736904/se-2?accountid=7064,Positive,Positive,Neutral,Negative,Negative,Neutral
ProQuest,PQ-2641736904 6,XOM,2022-03-23,https://www.proquest.com/newspapers/so-much-climate-activism-at-exxon-mobil/docview/2641736904/se-2?accountid=7064,Positive,Positive,Neutral,Negative,Neutral,Neutral
ProQuest,PQ-2641736904 7,XOM,2022-03-23,https://www.proquest.com/newspapers/so-much-climate-activism-at-exxon-mobil/docview/2641736904/se-2?accountid=7064,Negative,Neutral,Neutral,Neutral,Negative,Neutral
ProQuest,PQ-2641736904 8,XOM,2022-03-23,https://www.proquest.com/newspapers/so-much-climate-activism-at-exxon-mobil/docview/2641736904/se-2?accountid=7064,Negative,Neutral,Neutral,Negative,Negative,Neutral
ProQuest,PQ-2641736904 9,XOM,2022-03-23,https://www.proquest.com/newspapers/so-much-climate-activism-at-exxon-mobil/docview/2641736904/se-2?accountid=7064,Negative,Neutral,Neutral,Negative,Neutral,Neutral
ProQuest,PQ-2641736904 10,XOM,2022-03-23,https://www.proquest.com/newspapers/so-much-climate-activism-at-exxon-mobil/docview/2641736904/se-2?accountid=7064,Negative,Neutral,Positive,Neutral,Negative,Neutral
ProQuest,PQ-2880296882 1,OXY,,https://www.proquest.com/newspapers/occidental-petroleum-stock-falls-lost-potential/docview/2880296882/se-2?accountid=7064,Negative,Neutral,Negative,Neutral,Positive,Neutral
ProQuest,PQ-2880296882 2,OXY,,https://www.proquest.com/newspapers/occidental-petroleum-stock-falls-lost-potential/docview/2880296882/se-2?accountid=7064,Negative,Neutral,Negative,Negative,Positive,Neutral
ProQuest,PQ-2880296882 3,OXY,,https://www.proquest.com/newspapers/occidental-petroleum-stock-falls-lost-potential/docview/2880296882/se-2?accountid=7064,Negative,Neutral,Negative,Neutral,Positive,Neutral
ProQuest,PQ-2880296882 4,OXY,,https://www.proquest.com/newspapers/occidental-petroleum-stock-falls-lost-potential/docview/2880296882/se-2?accountid=7064,Negative,Neutral,Negative,Neutral,Positive,Neutral
ProQuest,PQ-2880296882 5,OXY,,https://www.proquest.com/newspapers/occidental-petroleum-stock-falls-lost-potential/docview/2880296882/se-2?accountid=7064,Negative,Positive,Negative,Neutral,Positive,Neutral
ProQuest,PQ-2880296882 6,OXY,,https://www.proquest.com/newspapers/occidental-petroleum-stock-falls-lost-potential/docview/2880296882/se-2?accountid=7064,Negative,Neutral,Negative,Negative,Positive,Neutral
ProQuest,PQ-2880296882 7,OXY,,https://www.proquest.com/newspapers/occidental-petroleum-stock-falls-lost-potential/docview/2880296882/se-2?accountid=7064,Negative,Positive,Neutral,Negative,Positive,Neutral
ProQuest,PQ-2880296882 8,OXY,,https://www.proquest.com/newspapers/occidental-petroleum-stock-falls-lost-potential/docview/2880296882/se-2?accountid=7064,Negative,Neutral,Negative,Neutral,Positive,Neutral
ProQuest,PQ-2880296882 9,OXY,,https://www.proquest.com/newspapers/occidental-petroleum-stock-falls-lost-potential/docview/2880296882/se-2?accountid=7064,Negative,Positive,Neutral,Neutral,Positive,Neutral
ProQuest,PQ-2880296882 10,OXY,,https://www.proquest.com/newspapers/occidental-petroleum-stock-falls-lost-potential/docview/2880296882/se-2?accountid=7064,Negative,Neutral,Negative,Negative,Positive,Neutral
ProQuest,PQ-2857037564 1,EQNR,,https://www.proquest.com/newspapers/norway-speech-prime-minister-at-opening-hywind/docview/2857037564/se-2?accountid=7064,Neutral,Positive,Neutral,Positive,Positive,Neutral
ProQuest,PQ-2857037564 2,EQNR,,https://www.proquest.com/newspapers/norway-speech-prime-minister-at-opening-hywind/docview/2857037564/se-2?accountid=7064,Positive,Positive,Neutral,Positive,Positive,Neutral
ProQuest,PQ-2857037564 3,EQNR,,https://www.proquest.com/newspapers/norway-speech-prime-minister-at-opening-hywind/docview/2857037564/se-2?accountid=7064,Positive,Neutral,Neutral,Positive,Positive,Neutral
ProQuest,PQ-2857037564 4,EQNR,,https://www.proquest.com/newspapers/norway-speech-prime-minister-at-opening-hywind/docview/2857037564/se-2?accountid=7064,Positive,Positive,Neutral,Positive,Positive,Neutral
ProQuest,PQ-2857037564 5,EQNR,,https://www.proquest.com/newspapers/norway-speech-prime-minister-at-opening-hywind/docview/2857037564/se-2?accountid=7064,Neutral,Positive,Neutral,Positive,Positive,Neutral
ProQuest,PQ-2857037564 6,EQNR,,https://www.proquest.com/newspapers/norway-speech-prime-minister-at-opening-hywind/docview/2857037564/se-2?accountid=7064,Neutral,Positive,Neutral,Positive,Positive,Neutral
ProQuest,PQ-2857037564 7,EQNR,,https://www.proquest.com/newspapers/norway-speech-prime-minister-at-opening-hywind/docview/2857037564/se-2?accountid=7064,Positive,Positive,Neutral,Positive,Positive,Neutral
ProQuest,PQ-2857037564 8,EQNR,,https://www.proquest.com/newspapers/norway-speech-prime-minister-at-opening-hywind/docview/2857037564/se-2?accountid=7064,Positive,Neutral,Neutral,Positive,Positive,Neutral
ProQuest,PQ-2857037564 9,EQNR,,https://www.proquest.com/newspapers/norway-speech-prime-minister-at-opening-hywind/docview/2857037564/se-2?accountid=7064,Positive,Positive,Neutral,Positive,Positive,Neutral
ProQuest,PQ-2857037564 10,EQNR,,https://www.proquest.com/newspapers/norway-speech-prime-minister-at-opening-hywind/docview/2857037564/se-2?accountid=7064,Positive,Neutral,Neutral,Positive,Positive,Neutral
SEC Filings,SEC-110465920132038 1,COP,2020-12-03,https://www.sec.gov/Archives/edgar/data/0001163165/000110465920132038/tm2037553d1_8k.htm,Neutral,Neutral,Neutral,Neutral,Neutral,Neutral
SEC Filings,SEC-110465920132038 2,COP,2020-12-03,https://www.sec.gov/Archives/edgar/data/0001163165/000110465920132038/tm2037553d1_8k.htm,Neutral,Neutral,Neutral,Neutral,Neutral,Neutral
SEC Filings,SEC-110465920132038 3,COP,2020-12-03,https://www.sec.gov/Archives/edgar/data/0001163165/000110465920132038/tm2037553d1_8k.htm,Neutral,Neutral,Neutral,Neutral,Neutral,Neutral
SEC Filings,SEC-110465920132038 4,COP,2020-12-03,https://www.sec.gov/Archives/edgar/data/0001163165/000110465920132038/tm2037553d1_8k.htm,Neutral,Neutral,Neutral,Neutral,Neutral,Neutral
SEC Filings,SEC-110465920132038 5,COP,2020-12-03,https://www.sec.gov/Archives/edgar/data/0001163165/000110465920132038/tm2037553d1_8k.htm,Neutral,Neutral,Neutral,Neutral,Neutral,Neutral
SEC Filings,SEC-110465920132038 6,COP,2020-12-03,https://www.sec.gov/Archives/edgar/data/0001163165/000110465920132038/tm2037553d1_8k.htm,Neutral,Neutral,Neutral,Neutral,Neutral,Neutral
SEC Filings,SEC-110465920132038 7,COP,2020-12-03,https://www.sec.gov/Archives/edgar/data/0001163165/000110465920132038/tm2037553d1_8k.htm,Neutral,Neutral,Neutral,Neutral,Neutral,Neutral
SEC Filings,SEC-110465920132038 8,COP,2020-12-03,https://www.sec.gov/Archives/edgar/data/0001163165/000110465920132038/tm2037553d1_8k.htm,Neutral,Neutral,Neutral,Neutral,Neutral,Neutral
SEC Filings,SEC-110465920132038 9,COP,2020-12-03,https://www.sec.gov/Archives/edgar/data/0001163165/000110465920132038/tm2037553d1_8k.htm,Neutral,Neutral,Neutral,Neutral,Neutral,Neutral
SEC Filings,SEC-110465920132038 10,COP,2020-12-03,https://www.sec.gov/Archives/edgar/data/0001163165/000110465920132038/tm2037553d1_8k.htm,Neutral,Neutral,Neutral,Neutral,Neutral,Neutral
SEC Filings,SEC-9341020000015 1,CVX,2020-05-01,https://www.sec.gov/Archives/edgar/data/0000093410/000009341020000015/cvx03312020-8xkdoc.htm,Positive,Neutral,Neutral,Neutral,Neutral,Neutral
SEC Filings,SEC-9341020000015 2,CVX,2020-05-01,https://www.sec.gov/Archives/edgar/data/0000093410/000009341020000015/cvx03312020-8xkdoc.htm,Positive,Neutral,Neutral,Neutral,Neutral,Neutral
SEC Filings,SEC-9341020000015 3,CVX,2020-05-01,https://www.sec.gov/Archives/edgar/data/0000093410/000009341020000015/cvx03312020-8xkdoc.htm,Positive,Neutral,Neutral,Neutral,Neutral,Neutral
SEC Filings,SEC-9341020000015 4,CVX,2020-05-01,https://www.sec.gov/Archives/edgar/data/0000093410/000009341020000015/cvx03312020-8xkdoc.htm,Positive,Neutral,Neutral,Neutral,Neutral,Neutral
SEC Filings,SEC-9341020000015 5,CVX,2020-05-01,https://www.sec.gov/Archives/edgar/data/0000093410/000009341020000015/cvx03312020-8xkdoc.htm,Positive,Neutral,Neutral,Neutral,Neutral,Neutral
SEC Filings,SEC-9341020000015 6,CVX,2020-05-01,https://www.sec.gov/Archives/edgar/data/0000093410/000009341020000015/cvx03312020-8xkdoc.htm,Positive,Neutral,Neutral,Neutral,Neutral,Neutral
SEC Filings,SEC-9341020000015 7,CVX,2020-05-01,https://www.sec.gov/Archives/edgar/data/0000093410/000009341020000015/cvx03312020-8xkdoc.htm,Positive,Neutral,Neutral,Neutral,Neutral,Neutral
SEC Filings,SEC-9341020000015 8,CVX,2020-05-01,https://www.sec.gov/Archives/edgar/data/0000093410/000009341020000015/cvx03312020-8xkdoc.htm,Positive,Neutral,Neutral,Neutral,Neutral,Neutral
SEC Filings,SEC-9341020000015 9,CVX,2020-05-01,https://www.sec.gov/Archives/edgar/data/0000093410/000009341020000015/cvx03312020-8xkdoc.htm,Positive,Neutral,Neutral,Neutral,Neutral,Neutral
SEC Filings,SEC-9341020000015 10,CVX,2020-05-01,https://www.sec.gov/Archives/edgar/data/0000093410/000009341020000015/cvx03312020-8xkdoc.htm,Positive,Neutral,Neutral,Neutral,Neutral,Neutral
SEC Filings,SEC-9341021000031 1,CVX,2021-08-02,https://www.sec.gov/Archives/edgar/data/0000093410/000009341021000031/cvx-20210727.htm,Neutral,Neutral,Neutral,Neutral,Neutral,Neutral
SEC Filings,SEC-9341021000031 2,CVX,2021-08-02,https://www.sec.gov/Archives/edgar/data/0000093410/000009341021000031/cvx-20210727.htm,Neutral,Neutral,Neutral,Neutral,Neutral,Neutral
SEC Filings,SEC-9341021000031 3,CVX,2021-08-02,https://www.sec.gov/Archives/edgar/data/0000093410/000009341021000031/cvx-20210727.htm,Neutral,Neutral,Neutral,Neutral,Neutral,Neutral
SEC Filings,SEC-9341021000031 4,CVX,2021-08-02,https://www.sec.gov/Archives/edgar/data/0000093410/000009341021000031/cvx-20210727.htm,Neutral,Neutral,Neutral,Neutral,Neutral,Neutral
SEC Filings,SEC-9341021000031 5,CVX,2021-08-02,https://www.sec.gov/Archives/edgar/data/0000093410/000009341021000031/cvx-20210727.htm,Neutral,Neutral,Neutral,Neutral,Neutral,Neutral
SEC Filings,SEC-9341021000031 6,CVX,2021-08-02,https://www.sec.gov/Archives/edgar/data/0000093410/000009341021000031/cvx-20210727.htm,Neutral,Neutral,Neutral,Neutral,Neutral,Neutral
SEC Filings,SEC-9341021000031 7,CVX,2021-08-02,https://www.sec.gov/Archives/edgar/data/0000093410/000009341021000031/cvx-20210727.htm,Neutral,Neutral,Neutral,Neutral,Neutral,Neutral
SEC Filings,SEC-9341021000031 8,CVX,2021-08-02,https://www.sec.gov/Archives/edgar/data/0000093410/000009341021000031/cvx-20210727.htm,Neutral,Neutral,Neutral,Neutral,Neutral,Neutral
SEC Filings,SEC-9341021000031 9,CVX,2021-08-02,https://www.sec.gov/Archives/edgar/data/0000093410/000009341021000031/cvx-20210727.htm,Neutral,Neutral,Neutral,Neutral,Neutral,Neutral
SEC Filings,SEC-9341021000031 10,CVX,2021-08-02,https://www.sec.gov/Archives/edgar/data/0000093410/000009341021000031/cvx-20210727.htm,Neutral,Neutral,Neutral,Neutral,Neutral,Neutral
SEC Filings,SEC-9341019000008 1,CVX,2019-02-22,https://www.sec.gov/Archives/edgar/data/0000093410/000009341019000008/cvx12312018-10kdoc.htm,Positive,Neutral,Neutral,Negative,Positive,Neutral
SEC Filings,SEC-9341019000008 2,CVX,2019-02-22,https://www.sec.gov/Archives/edgar/data/0000093410/000009341019000008/cvx12312018-10kdoc.htm,Neutral,Positive,Neutral,Negative,Neutral,Neutral
SEC Filings,SEC-9341019000008 3,CVX,2019-02-22,https://www.sec.gov/Archives/edgar/data/0000093410/000009341019000008/cvx12312018-10kdoc.htm,Positive,Positive,Neutral,Neutral,Neutral,Neutral
SEC Filings,SEC-9341019000008 4,CVX,2019-02-22,https://www.sec.gov/Archives/edgar/data/0000093410/000009341019000008/cvx12312018-10kdoc.htm,Neutral,Positive,Neutral,Negative,Neutral,Neutral
SEC Filings,SEC-9341019000008 5,CVX,2019-02-22,https://www.sec.gov/Archives/edgar/data/0000093410/000009341019000008/cvx12312018-10kdoc.htm,Positive,Positive,Neutral,Negative,Positive,Neutral
SEC Filings,SEC-9341019000008 6,CVX,2019-02-22,https://www.sec.gov/Archives/edgar/data/0000093410/000009341019000008/cvx12312018-10kdoc.htm,Neutral,Positive,Positive,Negative,Neutral,Neutral
SEC Filings,SEC-9341019000008 7,CVX,2019-02-22,https://www.sec.gov/Archives/edgar/data/0000093410/000009341019000008/cvx12312018-10kdoc.htm,Neutral,Positive,Neutral,Negative,Neutral,Neutral
SEC Filings,SEC-9341019000008 8,CVX,2019-02-22,https://www.sec.gov/Archives/edgar/data/0000093410/000009341019000008/cvx12312018-10kdoc.htm,Neutral,Positive,Neutral,Negative,Neutral,Neutral
SEC Filings,SEC-9341019000008 9,CVX,2019-02-22,https://www.sec.gov/Archives/edgar/data/0000093410/000009341019000008/cvx12312018-10kdoc.htm,Positive,Positive,Neutral,Neutral,Positive,Neutral
SEC Filings,SEC-9341019000008 10,CVX,2019-02-22,https://www.sec.gov/Archives/edgar/data/0000093410/000009341019000008/cvx12312018-10kdoc.htm,Neutral,Positive,Positive,Neutral,Positive,Neutral
SEC Filings,SEC-119312519084325 1,XOM,2019-03-25,https://www.sec.gov/Archives/edgar/data/0000034088/000119312519084325/d692113d8k.htm,Neutral,Neutral,Neutral,Neutral,Neutral,Neutral
SEC Filings,SEC-119312519084325 2,XOM,2019-03-25,https://www.sec.gov/Archives/edgar/data/0000034088/000119312519084325/d692113d8k.htm,Neutral,Neutral,Neutral,Neutral,Neutral,Neutral
SEC Filings,SEC-119312519084325 3,XOM,2019-03-25,https://www.sec.gov/Archives/edgar/data/0000034088/000119312519084325/d692113d8k.htm,Neutral,Neutral,Neutral,Neutral,Neutral,Neutral
SEC Filings,SEC-119312519084325 4,XOM,2019-03-25,https://www.sec.gov/Archives/edgar/data/0000034088/000119312519084325/d692113d8k.htm,Neutral,Neutral,Neutral,Neutral,Neutral,Neutral
SEC Filings,SEC-119312519084325 5,XOM,2019-03-25,https://www.sec.gov/Archives/edgar/data/0000034088/000119312519084325/d692113d8k.htm,Neutral,Neutral,Neutral,Neutral,Neutral,Neutral
SEC Filings,SEC-119312519084325 6,XOM,2019-03-25,https://www.sec.gov/Archives/edgar/data/0000034088/000119312519084325/d692113d8k.htm,Neutral,Neutral,Neutral,Neutral,Neutral,Neutral
SEC Filings,SEC-119312519084325 7,XOM,2019-03-25,https://www.sec.gov/Archives/edgar/data/0000034088/000119312519084325/d692113d8k.htm,Neutral,Neutral,Neutral,Neutral,Neutral,Neutral
SEC Filings,SEC-119312519084325 8,XOM,2019-03-25,https://www.sec.gov/Archives/edgar/data/0000034088/000119312519084325/d692113d8k.htm,Neutral,Neutral,Neutral,Neutral,Neutral,Neutral
SEC Filings,SEC-119312519084325 9,XOM,2019-03-25,https://www.sec.gov/Archives/edgar/data/0000034088/000119312519084325/d692113d8k.htm,Neutral,Neutral,Neutral,Neutral,Neutral,Neutral
SEC Filings,SEC-119312519084325 10,XOM,2019-03-25,https://www.sec.gov/Archives/edgar/data/0000034088/000119312519084325/d692113d8k.htm,Neutral,Neutral,Neutral,Neutral,Neutral,Neutral
Earnings Call Presentations,EP-210 1,SHEL,2021-10-28,,Neutral,Neutral,Neutral,Positive,Positive,Neutral
Earnings Call Presentations,EP-210 2,SHEL,2021-10-28,,Positive,Neutral,Neutral,Positive,Positive,Neutral
Earnings Call Presentations,EP-210 3,SHEL,2021-10-28,,Positive,Neutral,Neutral,Positive,Positive,Neutral
Earnings Call Presentations,EP-210 4,SHEL,2021-10-28,,Positive,Neutral,Neutral,Positive,Positive,Neutral
Earnings Call Presentations,EP-210 5,SHEL,2021-10-28,,Positive,Neutral,Neutral,Positive,Positive,Neutral
Earnings Call Presentations,EP-210 6,SHEL,2021-10-28,,Positive,Neutral,Neutral,Positive,Positive,Neutral
Earnings Call Presentations,EP-210 7,SHEL,2021-10-28,,Positive,Neutral,Neutral,Positive,Positive,Neutral
Earnings Call Presentations,EP-210 8,SHEL,2021-10-28,,Positive,Neutral,Neutral,Positive,Positive,Neutral
Earnings Call Presentations,EP-210 9,SHEL,2021-10-28,,Neutral,Neutral,Neutral,Neutral,Neutral,Neutral
Earnings Call Presentations,EP-210 10,SHEL,2021-10-28,,Positive,Neutral,Neutral,Positive,Positive,Neutral
Earnings Call Presentations,EP-257 1,BP,2022-11-01,,Positive,Neutral,Positive,Neutral,Positive,Neutral
Earnings Call Presentations,EP-257 2,BP,2022-11-01,,Positive,Neutral,Positive,Neutral,Positive,Positive
Earnings Call Presentations,EP-257 3,BP,2022-11-01,,Positive,Neutral,Positive,Neutral,Positive,Positive
Earnings Call Presentations,EP-257 4,BP,2022-11-01,,Positive,Neutral,Positive,Neutral,Positive,Neutral
Earnings Call Presentations,EP-257 5,BP,2022-11-01,,Positive,Neutral,Positive,Neutral,Positive,Positive
Earnings Call Presentations,EP-257 6,BP,2022-11-01,,Positive,Positive,Positive,Neutral,Positive,Neutral
Earnings Call Presentations,EP-257 7,BP,2022-11-01,,Positive,Neutral,Negative,Neutral,Positive,Neutral
Earnings Call Presentations,EP-257 8,BP,2022-11-01,,Positive,Neutral,Positive,Neutral,Positive,Positive
Earnings Call Presentations,EP-257 9,BP,2022-11-01,,Positive,Neutral,Neutral,Neutral,Positive,Positive
Earnings Call Presentations,EP-257 10,BP,2022-11-01,,Positive,Neutral,Positive,Neutral,Positive,Positive
Earnings Call Presentations,EP-98 1,DVN,2021-02-17,,Positive,Neutral,Positive,Neutral,Positive,Neutral
Earnings Call Presentations,EP-98 2,DVN,2021-02-17,,Positive,Positive,Positive,Neutral,Neutral,Neutral
Earnings Call Presentations,EP-98 3,DVN,2021-02-17,,Positive,Positive,Positive,Neutral,Positive,Neutral
Earnings Call Presentations,EP-98 4,DVN,2021-02-17,,Positive,Positive,Positive,Positive,Neutral,Neutral
Earnings Call Presentations,EP-98 5,DVN,2021-02-17,,Positive,Positive,Positive,Neutral,Neutral,Positive
Earnings Call Presentations,EP-98 6,DVN,2021-02-17,,Positive,Positive,Positive,Neutral,Neutral,Neutral
Earnings Call Presentations,EP-98 7,DVN,2021-02-17,,Positive,Positive,Positive,Neutral,Positive,Neutral
Earnings Call Presentations,EP-98 8,DVN,2021-02-17,,Positive,Positive,Positive,Neutral,Positive,Neutral
Earnings Call Presentations,EP-98 9,DVN,2021-02-17,,Positive,Positive,Positive,Neutral,Positive,Neutral
Earnings Call Presentations,EP-98 10,DVN,2021-02-17,,Positive,Neutral,Positive,Neutral,Neutral,Neutral
Earnings Call Presentations,EP-33 1,VLO,2019-04-25,,Positive,Neutral,Positive,Neutral,Positive,Positive
Earnings Call Presentations,EP-33 2,VLO,2019-04-25,,Positive,Neutral,Positive,Neutral,Positive,Neutral
Earnings Call Presentations,EP-33 3,VLO,2019-04-25,,Positive,Neutral,Positive,Neutral,Positive,Negative
Earnings Call Presentations,EP-33 4,VLO,2019-04-25,,Positive,Positive,Neutral,Neutral,Positive,Negative
Earnings Call Presentations,EP-33 5,VLO,2019-04-25,,Neutral,Neutral,Neutral,Neutral,Positive,Neutral
Earnings Call Presentations,EP-33 6,VLO,2019-04-25,,Positive,Neutral,Neutral,Neutral,Positive,Neutral
Earnings Call Presentations,EP-33 7,VLO,2019-04-25,,Positive,Positive,Neutral,Neutral,Positive,Neutral
Earnings Call Presentations,EP-33 8,VLO,2019-04-25,,Positive,Positive,Positive,Neutral,Positive,Neutral
Earnings Call Presentations,EP-33 9,VLO,2019-04-25,,Positive,Neutral,Neutral,Neutral,Neutral,Neutral
Earnings Call Presentations,EP-33 10,VLO,2019-04-25,,Positive,Neutral,Neutral,Neutral,Positive,Positive
Earnings Call Presentations,EP-10 1,CVX,2022-01-28,,Positive,Neutral,Positive,Positive,Positive,Neutral
Earnings Call Presentations,EP-10 2,CVX,2022-01-28,,Positive,Neutral,Positive,Neutral,Positive,Neutral
Earnings Call Presentations,EP-10 3,CVX,2022-01-28,,Positive,Neutral,Positive,Positive,Positive,Neutral
Earnings Call Presentations,EP-10 4,CVX,2022-01-28,,Positive,Neutral,Neutral,Positive,Positive,Neutral
Earnings Call Presentations,EP-10 5,CVX,2022-01-28,,Positive,Neutral,Positive,Neutral,Positive,Neutral
Earnings Call Presentations,EP-10 6,CVX,2022-01-28,,Positive,Neutral,Neutral,Neutral,Positive,Neutral
Earnings Call Presentations,EP-10 7,CVX,2022-01-28,,Positive,Neutral,Positive,Positive,Positive,Neutral
Earnings Call Presentations,EP-10 8,CVX,2022-01-28,,Positive,Positive,Neutral,Positive,Positive,Positive
Earnings Call Presentations,EP-10 9,CVX,2022-01-28,,Positive,Positive,Neutral,Positive,Positive,Neutral
Earnings Call Presentations,EP-10 10,CVX,2022-01-28,,Positive,Neutral,Positive,Neutral,Positive,Neutral
Earnings Call Q&A,EQ-167 1,VLO,2023-04-27,,Positive,Positive,Neutral,Negative,Positive,Neutral
Earnings Call Q&A,EQ-167 2,VLO,2023-04-27,,Positive,Positive,Neutral,Negative,Positive,Neutral
Earnings Call Q&A,EQ-167 3,VLO,2023-04-27,,Positive,Positive,Neutral,Negative,Positive,Neutral
Earnings Call Q&A,EQ-167 4,VLO,2023-04-27,,Positive,Positive,Neutral,Neutral,Positive,Neutral
Earnings Call Q&A,EQ-167 5,VLO,2023-04-27,,Positive,Positive,Positive,Neutral,Positive,Neutral
Earnings Call Q&A,EQ-167 6,VLO,2023-04-27,,Positive,Positive,Neutral,Neutral,Positive,Neutral
Earnings Call Q&A,EQ-167 7,VLO,2023-04-27,,Positive,Positive,Neutral,Negative,Positive,Neutral
Earnings Call Q&A,EQ-167 8,VLO,2023-04-27,,Positive,Positive,Neutral,Negative,Positive,Neutral
Earnings Call Q&A,EQ-167 9,VLO,2023-04-27,,Positive,Positive,Neutral,Negative,Positive,Neutral
Earnings Call Q&A,EQ-167 10,VLO,2023-04-27,,Positive,Positive,Neutral,Negative,Positive,Neutral
Earnings Call Q&A,EQ-7 1,CVX,2022-10-28,,Positive,Positive,Positive,Neutral,Positive,Neutral
Earnings Call Q&A,EQ-7 2,CVX,2022-10-28,,Positive,Neutral,Positive,Neutral,Positive,Neutral
Earnings Call Q&A,EQ-7 3,CVX,2022-10-28,,Positive,Neutral,Positive,Neutral,Positive,Neutral
Earnings Call Q&A,EQ-7 4,CVX,2022-10-28,,Positive,Positive,Positive,Neutral,Positive,Positive
Earnings Call Q&A,EQ-7 5,CVX,2022-10-28,,Positive,Positive,Positive,Neutral,Positive,Positive
Earnings Call Q&A,EQ-7 6,CVX,2022-10-28,,Positive,Positive,Positive,Neutral,Positive,Neutral
Earnings Call Q&A,EQ-7 7,CVX,2022-10-28,,Positive,Neutral,Positive,Neutral,Positive,Neutral
Earnings Call Q&A,EQ-7 8,CVX,2022-10-28,,Positive,Positive,Positive,Neutral,Positive,Positive
Earnings Call Q&A,EQ-7 9,CVX,2022-10-28,,Positive,Neutral,Positive,Neutral,Positive,Neutral
Earnings Call Q&A,EQ-7 10,CVX,2022-10-28,,Positive,Positive,Positive,Neutral,Positive,Neutral
Earnings Call Q&A,EQ-115 1,OXY,2021-08-04,,Positive,Positive,Neutral,Positive,Positive,Positive
Earnings Call Q&A,EQ-115 2,OXY,2021-08-04,,Positive,Positive,Positive,Positive,Positive,Neutral
Earnings Call Q&A,EQ-115 3,OXY,2021-08-04,,Positive,Neutral,Positive,Positive,Positive,Positive
Earnings Call Q&A,EQ-115 4,OXY,2021-08-04,,Positive,Positive,Positive,Positive,Positive,Positive
Earnings Call Q&A,EQ-115 5,OXY,2021-08-04,,Positive,Positive,Positive,Positive,Positive,Positive
Earnings Call Q&A,EQ-115 6,OXY,2021-08-04,,Positive,Positive,Positive,Positive,Positive,Neutral
Earnings Call Q&A,EQ-115 7,OXY,2021-08-04,,Positive,Positive,Positive,Positive,Positive,Neutral
Earnings Call Q&A,EQ-115 8,OXY,2021-08-04,,Positive,Positive,Positive,Positive,Positive,Positive
Earnings Call Q&A,EQ-115 9,OXY,2021-08-04,,Positive,Positive,Positive,Positive,Positive,Neutral
Earnings Call Q&A,EQ-115 10,OXY,2021-08-04,,Positive,Positive,Neutral,Positive,Positive,Neutral
Earnings Call Q&A,EQ-72 1,DVN,2020-05-06,,Positive,Neutral,Neutral,Neutral,Neutral,Neutral
Earnings Call Q&A,EQ-72 2,DVN,2020-05-06,,Positive,Neutral,Neutral,Neutral,Neutral,Neutral
Earnings Call Q&A,EQ-72 3,DVN,2020-05-06,,Positive,Neutral,Neutral,Neutral,Neutral,Neutral
Earnings Call Q&A,EQ-72 4,DVN,2020-05-06,,Positive,Neutral,Positive,Neutral,Neutral,Neutral
Earnings Call Q&A,EQ-72 5,DVN,2020-05-06,,Positive,Neutral,Neutral,Neutral,Neutral,Negative
Earnings Call Q&A,EQ-72 6,DVN,2020-05-06,,Positive,Neutral,Neutral,Neutral,Neutral,Neutral
Earnings Call Q&A,EQ-72 7,DVN,2020-05-06,,Positive,Neutral,Neutral,Neutral,Neutral,Negative
Earnings Call Q&A,EQ-72 8,DVN,2020-05-06,,Positive,Neutral,Neutral,Neutral,Neutral,Neutral
Earnings Call Q&A,EQ-72 9,DVN,2020-05-06,,Positive,Neutral,Neutral,Neutral,Neutral,Negative
Earnings Call Q&A,EQ-72 10,DVN,2020-05-06,,Positive,Neutral,Neutral,Neutral,Neutral,Negative
Earnings Call Q&A,EQ-132 1,OXY,2022-02-25,,Positive,Neutral,Neutral,Positive,Positive,Neutral
Earnings Call Q&A,EQ-132 2,OXY,2022-02-25,,Positive,Neutral,Positive,Neutral,Positive,Neutral
Earnings Call Q&A,EQ-132 3,OXY,2022-02-25,,Positive,Neutral,Neutral,Neutral,Positive,Positive
Earnings Call Q&A,EQ-132 4,OXY,2022-02-25,,Positive,Neutral,Neutral,Neutral,Positive,Positive
Earnings Call Q&A,EQ-132 5,OXY,2022-02-25,,Positive,Neutral,Neutral,Neutral,Positive,Positive
Earnings Call Q&A,EQ-132 6,OXY,2022-02-25,,Positive,Neutral,Neutral,Neutral,Neutral,Positive
Earnings Call Q&A,EQ-132 7,OXY,2022-02-25,,Positive,Neutral,Positive,Neutral,Positive,Positive
Earnings Call Q&A,EQ-132 8,OXY,2022-02-25,,Positive,Neutral,Neutral,Neutral,Positive,Positive
Earnings Call Q&A,EQ-132 9,OXY,2022-02-25,,Positive,Neutral,Neutral,Neutral,Positive,Positive
Earnings Call Q&A,EQ-132 10,OXY,2022-02-25,,Positive,Neutral,Neutral,Neutral,Positive,Neutral
