Finance,Production,Reserves / Exploration / Acquisitions / Mergers / Divestments,Environment / Regulatory / Geopolitics,Alternative Energy / Lower Carbon,Oil Price / Natural Gas Price / Gasoline Price
Neutral,Neutral,Neutral,Negative,Neutral,Neutral
Positive,Positive,Neutral,Neutral,Neutral,Positive
Neutral,Negative,Neutral,Neutral,Neutral,Negative
Positive,Positive,Neutral,Neutral,Neutral,Positive
Positive,Positive,Neutral,Neutral,Neutral,Positive
Neutral,Positive,Positive,Neutral,Neutral,Neutral
Neutral,Positive,Positive,Neutral,Neutral,Neutral
Neutral,Positive,Positive,Neutral,Neutral,Neutral
Neutral,Positive,Positive,Neutral,Neutral,Neutral
Positive,Neutral,Neutral,Neutral,Positive,Negative
Positive,Neutral,Neutral,Neutral,Neutral,Positive
Positive,Positive,Neutral,Neutral,Neutral,Positive
Positive,Positive,Neutral,Neutral,Neutral,Positive
Positive,Positive,Neutral,Neutral,Neutral,Positive
Positive,Positive,Neutral,Neutral,Neutral,Positive
Negative,Negative,Neutral,Negative,Neutral,Negative
Neutral,Neutral,Positive,Neutral,Neutral,Neutral
Neutral,Neutral,Positive,Neutral,Neutral,Neutral
Neutral,Neutral,Positive,Neutral,Neutral,Neutral
Neutral,Neutral,Positive,Neutral,Neutral,Neutral
Positive,Positive,Neutral,Neutral,Neutral,Positive
Neutral,Neutral,Positive,Neutral,Neutral,Neutral
Neutral,Neutral,N/A,Positive,Positive,N/A
Positive,Positive,Neutral,Neutral,Positive,Positive
Negative,Negative,Neutral,Negative,Neutral,Negative
Positive,Neutral,Neutral,Neutral,Neutral,Positive
Positive,Neutral,Neutral,Neutral,Neutral,Positive
Neutral,Neutral,Neutral,Negative,Neutral,Neutral
Positive,Positive,Neutral,Neutral,Neutral,Positive
Positive,Positive,Neutral,Neutral,Neutral,Positive
Neutral,Neutral,Neutral,Neutral,Neutral,Neutral
Neutral,Neutral,Negative,Neutral,Neutral,Neutral
Neutral,Neutral,Negative,Neutral,Neutral,Negative
Negative,Negative,Negative,Negative,Neutral,Negative
Negative,Negative,Negative,Negative,Neutral,Negative
Positive,Positive,Neutral,Neutral,Neutral,Positive
Positive,Positive,Neutral,Neutral,Neutral,Positive
Neutral,Neutral,Neutral,Positive,Positive,Neutral
Positive,Positive,Neutral,Neutral,Neutral,Positive
Positive,Neutral,Neutral,Positive,Neutral,Neutral
Positive,Neutral,Neutral,Positive,Neutral,Neutral
Positive,Positive,Neutral,Neutral,Neutral,Positive
Neutral,Neutral,Neutral,Negative,Neutral,Neutral
Neutral,Neutral,Neutral,Neutral,Neutral,Neutral
Neutral,Neutral,Neutral,Neutral,Neutral,Neutral
Positive,Positive,Neutral,Neutral,Neutral,Positive
Neutral,Neutral,Neutral,Neutral,Neutral,Neutral
Neutral,Neutral,Neutral,Neutral,Neutral,Neutral
Positive,Positive,Neutral,Neutral,Neutral,Positive
Positive,Positive,Neutral,Neutral,Neutral,Positive
Positive,Neutral,Neutral,Neutral,Neutral,Positive
Positive,Positive,Neutral,Neutral,Neutral,Positive
Positive,Positive,Neutral,Neutral,Neutral,Positive
Positive,Positive,Neutral,Neutral,Neutral,Positive
Positive,Positive,Neutral,Neutral,Neutral,Positive
Positive,Positive,Neutral,Neutral,Neutral,Positive
Neutral,Neutral,Positive,Neutral,Neutral,Neutral
Neutral,Neutral,Neutral,Neutral,Neutral,Neutral
Positive,Neutral,Neutral,Neutral,Neutral,Positive
Positive,Positive,Neutral,Neutral,Neutral,Positive
Neutral,Neutral,Neutral,Negative,Neutral,Neutral
Positive,Positive,Neutral,Neutral,Neutral,Positive
Neutral,Positive,Positive,Neutral,Neutral,Neutral
Neutral,Positive,Positive,Neutral,Neutral,Neutral
Positive,Neutral,Neutral,Neutral,Positive,Negative
Neutral,Neutral,Neutral,Negative,Positive,Neutral
Positive,Positive,Neutral,Neutral,Neutral,Positive
Positive,Positive,Neutral,Neutral,Neutral,Positive
Neutral,Neutral,Neutral,Positive,Neutral,Neutral
Positive,Positive,Neutral,Neutral,Neutral,Positive
Neutral,Neutral,Neutral,Positive,Neutral,Neutral
Positive,Positive,Neutral,Neutral,Neutral,Positive
Negative,Negative,Neutral,Negative,Neutral,Negative
Neutral,Neutral,Neutral,Positive,Neutral,Neutral
Neutral,Neutral,Neutral,Neutral,Neutral,Neutral
Positive,Neutral,Neutral,Neutral,Neutral,Positive
N/A,N/A,N/A,Neutral,N/A,N/A
Neutral,Neutral,Neutral,Positive,Neutral,Neutral
Neutral,Neutral,Neutral,Positive,Neutral,Neutral
Neutral,Neutral,Neutral,Negative,Neutral,Neutral
Positive,Positive,Neutral,Neutral,Neutral,Positive
Positive,Positive,Neutral,Neutral,Neutral,Positive
Positive,Positive,Neutral,Neutral,Neutral,Positive
Positive,Positive,Neutral,Neutral,Neutral,Positive
Neutral,Neutral,Neutral,Neutral,Neutral,Neutral
Positive,Positive,Neutral,Neutral,Neutral,Positive
Neutral,Neutral,Neutral,Neutral,Neutral,Neutral
Neutral,Neutral,Neutral,Neutral,Neutral,Neutral
Neutral,Neutral,Neutral,Neutral,Neutral,Neutral
Positive,Positive,Neutral,Neutral,Neutral,Positive
Positive,Positive,Neutral,Neutral,Neutral,Positive
Neutral,Neutral,Positive,Neutral,Neutral,Neutral
Positive,Positive,Neutral,Neutral,Neutral,Positive
Positive,Positive,Neutral,Neutral,Neutral,Positive
Neutral,Neutral,Neutral,Negative,Neutral,Neutral
Neutral,Neutral,Neutral,Neutral,Neutral,Neutral
Neutral,Neutral,Negative,Neutral,Neutral,Neutral
Positive,Positive,Neutral,Neutral,Neutral,Positive
Positive,Positive,Neutral,Negative,Neutral,Positive
Positive,Positive,Neutral,Neutral,Neutral,Positive
Positive,Positive,Neutral,Neutral,Neutral,Positive
N/A,N/A,N/A,Negative,N/A,N/A
N/A,N/A,N/A,Negative,N/A,N/A
Positive,Positive,Neutral,Neutral,Neutral,Positive
Negative,Negative,Neutral,Negative,Neutral,Neutral
Neutral,Negative,Neutral,Neutral,Neutral,Neutral
Neutral,Neutral,Positive,Neutral,Neutral,Neutral
Neutral,Neutral,Neutral,Neutral,Neutral,Neutral
Neutral,Neutral,Positive,Neutral,Neutral,Neutral
Positive,Positive,Neutral,Neutral,Neutral,Positive
Positive,Positive,Neutral,Neutral,Neutral,Positive
Positive,Positive,Neutral,Neutral,Neutral,Positive
Neutral,Neutral,Neutral,Neutral,Neutral,Neutral
Neutral,Positive,Positive,Neutral,Neutral,Neutral
Neutral,Neutral,Neutral,Neutral,Neutral,Neutral
Neutral,Neutral,Neutral,Neutral,Neutral,Neutral
Neutral,Neutral,Neutral,Neutral,Neutral,Neutral
Positive,Positive,Neutral,Neutral,Neutral,Positive
Neutral,Neutral,Neutral,Neutral,Neutral,Neutral
Positive,Positive,Neutral,Neutral,Neutral,Positive
Positive,Positive,Neutral,Neutral,Neutral,Positive
Positive,Positive,Neutral,Neutral,Neutral,Positive
Positive,Positive,Neutral,Neutral,Neutral,Positive
Positive,Positive,Neutral,Neutral,Neutral,Positive
Positive,Positive,Neutral,Neutral,Neutral,Positive
Positive,Positive,Neutral,Neutral,Neutral,Positive
Neutral,Neutral,Neutral,Neutral,Neutral,Neutral
Neutral,Neutral,Neutral,Neutral,Neutral,Neutral
Positive,Positive,Neutral,Neutral,Neutral,Positive
Positive,Neutral,Neutral,Negative,Neutral,Positive
Neutral,Negative,Neutral,Negative,Neutral,Neutral
Neutral,Neutral,Neutral,Neutral,Neutral,Neutral
Neutral,Neutral,Neutral,Negative,Neutral,Neutral
Neutral,Neutral,Positive,Neutral,Neutral,Neutral
Positive,Positive,Neutral,Neutral,Neutral,Positive
Positive,Positive,Neutral,Neutral,Neutral,Positive
Neutral,Neutral,Neutral,Neutral,Neutral,Neutral
Neutral,Neutral,Neutral,Negative,Neutral,Neutral
Positive,Positive,Neutral,Neutral,Neutral,Positive
Neutral,Neutral,Neutral,Neutral,Neutral,Neutral
Neutral,Neutral,Neutral,Negative,Neutral,Neutral
Neutral,Neutral,Neutral,Neutral,Neutral,Neutral
Neutral,Neutral,Neutral,Neutral,Neutral,Neutral
Neutral,Neutral,Neutral,Neutral,Neutral,Neutral
Neutral,Neutral,Neutral,Neutral,Neutral,Neutral
Positive,Positive,Positive,Neutral,Neutral,Positive
Neutral,Neutral,Neutral,Neutral,Neutral,Neutral
Positive,Neutral,N/A,N/A,Neutral,N/A
Neutral,Neutral,Neutral,Positive,Neutral,Neutral
Positive,Neutral,N/A,N/A,Neutral,N/A
Neutral,Neutral,Neutral,Neutral,Neutral,Neutral
Positive,Positive,Neutral,Neutral,Neutral,Positive
Positive,Positive,Neutral,Neutral,Neutral,Positive
Neutral,Neutral,Neutral,Neutral,Neutral,Neutral
Neutral,N/A,N/A,N/A,N/A,N/A
Neutral,Neutral,Neutral,Negative,Neutral,Neutral
Neutral,Neutral,Neutral,Negative,Neutral,Neutral
Positive,Positive,Neutral,Neutral,Neutral,Positive
Neutral,Positive,Positive,Neutral,Neutral,Neutral
Neutral,Neutral,Neutral,Positive,Neutral,Neutral
Neutral,Neutral,Neutral,Negative,Neutral,Neutral
Neutral,N/A,N/A,N/A,N/A,N/A
Neutral,N/A,N/A,Negative,N/A,N/A
Neutral,Neutral,Neutral,Neutral,Neutral,Neutral
Neutral,Neutral,Neutral,Neutral,Neutral,Neutral
Neutral,Neutral,Neutral,Neutral,Neutral,Neutral
Neutral,Neutral,Neutral,Negative,Neutral,Neutral
Negative,Neutral,Neutral,Negative,Neutral,Neutral
Neutral,N/A,N/A,Negative,N/A,N/A
Positive,Positive,Neutral,Neutral,Neutral,Positive
Negative,Neutral,Neutral,Negative,Neutral,Neutral
Positive,Positive,Neutral,Neutral,Neutral,Positive
Positive,Positive,Neutral,Neutral,Neutral,Positive
Negative,Neutral,Neutral,Neutral,Neutral,Negative
Positive,Positive,Neutral,Neutral,Neutral,Positive
Positive,Positive,Neutral,Neutral,Neutral,Positive
Positive,Positive,Neutral,Neutral,Neutral,Positive
Positive,Positive,Neutral,Neutral,Neutral,Positive
Positive,Positive,Neutral,Neutral,Neutral,Positive
Neutral,Neutral,Neutral,Neutral,Neutral,Neutral
Positive,Positive,Neutral,Neutral,Neutral,Positive
Neutral,Neutral,Neutral,Neutral,Neutral,Neutral
Neutral,Neutral,Neutral,Positive,Neutral,Positive
Neutral,Neutral,Neutral,Neutral,Neutral,Positive
Positive,Positive,Neutral,Neutral,Neutral,Positive
Neutral,Neutral,Neutral,Neutral,Neutral,Neutral
Neutral,Neutral,Neutral,Neutral,Neutral,Neutral
Positive,Positive,Positive,Neutral,Neutral,Positive
Neutral,Positive,Neutral,Neutral,Neutral,Neutral
Positive,Positive,Neutral,Neutral,Neutral,Neutral
Neutral,Positive,Positive,Neutral,Neutral,Neutral
Positive,Positive,Neutral,Neutral,Neutral,Positive
Neutral,Neutral,Neutral,N/A,N/A,Neutral
Positive,Positive,Neutral,Neutral,Neutral,Positive
Negative,Neutral,Neutral,Neutral,Neutral,Negative
Neutral,Neutral,Neutral,Negative,N/A,Neutral
Negative,Neutral,Neutral,Neutral,Neutral,Negative
Positive,Positive,Neutral,Neutral,Neutral,Positive
Neutral,Neutral,Neutral,Negative,Neutral,Neutral
Positive,Positive,Neutral,Neutral,Neutral,Positive
Positive,Positive,Neutral,Neutral,Neutral,Positive
Neutral,Neutral,Neutral,Positive,Positive,Negative
Positive,Positive,Neutral,Neutral,Neutral,Positive
Neutral,Neutral,Neutral,Neutral,Neutral,Neutral
Positive,Positive,Neutral,Neutral,Neutral,Positive
Positive,Positive,Neutral,Neutral,Neutral,Positive
Neutral,Neutral,Neutral,Neutral,Neutral,Neutral
Neutral,Neutral,Neutral,Negative,Neutral,Neutral
Neutral,Neutral,Neutral,Neutral,Neutral,Positive
Neutral,Neutral,Neutral,Neutral,Neutral,Neutral
Neutral,Neutral,Neutral,Negative,Neutral,Neutral
Neutral,Neutral,Neutral,Negative,N/A,Neutral
Neutral,Neutral,Neutral,Negative,Neutral,Neutral
Neutral,Neutral,Neutral,Negative,Neutral,Neutral
Positive,Positive,Neutral,Neutral,Neutral,Positive
Positive,Positive,Positive,Neutral,N/A,Neutral
N/A,N/A,N/A,Negative,N/A,N/A
Positive,Positive,Neutral,Neutral,Neutral,Positive
Neutral,Neutral,Neutral,Negative,Neutral,Negative
Positive,Positive,Positive,Neutral,Neutral,Neutral
Positive,Positive,Neutral,Neutral,Neutral,Positive
Positive,Positive,Neutral,Neutral,Neutral,Positive
Neutral,Neutral,Neutral,Negative,Neutral,Neutral
Positive,Positive,Neutral,Neutral,Neutral,Positive
Positive,Positive,Neutral,Neutral,Neutral,Positive
Positive,Positive,Neutral,Neutral,Neutral,Positive
Positive,Positive,Neutral,Neutral,Neutral,Positive
Positive,Positive,Neutral,Neutral,Neutral,Positive
Positive,Positive,Neutral,Neutral,Neutral,Positive
Positive,Positive,Neutral,Neutral,Neutral,Positive
Neutral,Positive,Neutral,Neutral,Neutral,Neutral
Positive,Positive,Neutral,Neutral,Neutral,Positive
Positive,Positive,Neutral,Neutral,Neutral,Positive
Neutral,Neutral,Neutral,Negative,Neutral,Neutral
Positive,Positive,Neutral,Neutral,Neutral,Positive
Positive,Positive,Neutral,Neutral,Neutral,Positive
Positive,Positive,Positive,Neutral,Neutral,Positive
Neutral,Neutral,Neutral,Positive,Positive,Neutral
Positive,Positive,Neutral,Neutral,Neutral,Positive
Neutral,Positive,Neutral,Neutral,Neutral,Neutral
Neutral,Neutral,Positive,Neutral,Neutral,Positive
Positive,Positive,Neutral,Neutral,Neutral,Positive
Positive,Positive,Neutral,Neutral,Neutral,Positive
Positive,Positive,Positive,Neutral,Neutral,Neutral
Positive,Positive,Neutral,Neutral,Neutral,Positive
Positive,Positive,Neutral,Neutral,Neutral,Positive
Positive,Positive,Neutral,Neutral,Neutral,Positive
Neutral,Neutral,Neutral,Neutral,Neutral,Neutral
Neutral,Neutral,N/A,Neutral,N/A,Neutral
Neutral,Neutral,Negative,Positive,Neutral,Negative
Positive,Positive,Neutral,Neutral,Neutral,Positive
Neutral,Neutral,Positive,Neutral,Neutral,Neutral
Neutral,Neutral,N/A,Neutral,N/A,Neutral
Neutral,Neutral,Positive,Neutral,Neutral,Neutral
Neutral,Positive,Positive,Negative,Neutral,Positive
Positive,Positive,Neutral,Neutral,Neutral,Positive
Positive,Positive,Positive,Negative,Neutral,Positive
Positive,Positive,Neutral,Neutral,Neutral,Positive
Positive,Positive,Neutral,Neutral,Neutral,Positive
Positive,Positive,Neutral,Neutral,Neutral,Positive
Neutral,Positive,Positive,Neutral,Neutral,Positive
Neutral,Positive,Positive,Neutral,Neutral,Neutral
Neutral,Neutral,Positive,Neutral,Neutral,Neutral
Positive,Positive,Neutral,Neutral,Neutral,Positive
Positive,Positive,Neutral,Neutral,Neutral,Positive
Positive,Positive,Neutral,Neutral,Neutral,Positive
Neutral,Neutral,Neutral,Neutral,Neutral,Neutral
Positive,Positive,Positive,Neutral,Neutral,Positive
Positive,Neutral,Positive,Neutral,Neutral,Neutral
Positive,Positive,Positive,Neutral,Neutral,Positive
Positive,Positive,Neutral,Neutral,Neutral,Positive
Neutral,Negative,Negative,Negative,Neutral,Neutral
Positive,Positive,Neutral,Neutral,Neutral,Positive
Neutral,Neutral,Neutral,Positive,Positive,Neutral
Neutral,Neutral,Neutral,Negative,Neutral,Neutral
Positive,Positive,Neutral,Neutral,Neutral,Positive
Positive,Positive,Neutral,Neutral,Neutral,Positive
Positive,Positive,Neutral,Neutral,Neutral,Positive
Positive,Positive,Neutral,Neutral,Neutral,Positive
Neutral,Neutral,Positive,Neutral,Neutral,Neutral
Positive,Neutral,N/A,Neutral,Positive,Neutral
Neutral,Neutral,N/A,Neutral,N/A,N/A
Positive,Positive,Neutral,Neutral,Neutral,Positive
Positive,Positive,Neutral,Neutral,Neutral,Positive
Neutral,Neutral,Neutral,Positive,Neutral,Neutral
Positive,Positive,Neutral,Neutral,Neutral,Positive
Positive,Positive,Neutral,Neutral,Neutral,Positive
Neutral,Neutral,Neutral,Neutral,Neutral,Negative
Neutral,Neutral,Neutral,Negative,Positive,Neutral
Positive,Positive,Neutral,Neutral,Neutral,Positive
Positive,Positive,Positive,Neutral,N/A,Positive
Neutral,Neutral,Neutral,Positive,Positive,Neutral
Positive,Positive,Neutral,Neutral,Neutral,Positive
Positive,Positive,Neutral,Neutral,Neutral,Positive
Neutral,Neutral,Neutral,Positive,Positive,Neutral
Positive,Positive,Neutral,Neutral,Neutral,Positive
Neutral,Neutral,Neutral,Negative,Neutral,Neutral
Neutral,Neutral,Neutral,Negative,Neutral,Neutral
Neutral,Neutral,Neutral,Positive,Positive,Neutral
Neutral,Neutral,Neutral,Positive,Neutral,Neutral
Positive,Positive,Neutral,Neutral,Neutral,Positive
Neutral,Neutral,Positive,Neutral,Neutral,Neutral
Neutral,N/A,N/A,N/A,N/A,N/A
Positive,Positive,N/A,Neutral,Neutral,Neutral
Positive,Positive,Neutral,Neutral,Neutral,Positive
Positive,Positive,Neutral,Neutral,Neutral,Positive
Neutral,Neutral,Neutral,Negative,Neutral,Neutral
Positive,Positive,Neutral,Neutral,Neutral,Positive
Positive,Positive,Neutral,Neutral,Neutral,Positive
Positive,Positive,Neutral,Neutral,Neutral,Neutral
Positive,Positive,Neutral,Neutral,Neutral,Positive
Positive,Positive,Neutral,Neutral,Neutral,Positive
Neutral,Neutral,Neutral,Negative,Neutral,Neutral
Positive,Positive,Neutral,Neutral,Neutral,Positive
Positive,Positive,Neutral,Neutral,Neutral,Positive
Positive,Positive,Neutral,Neutral,Neutral,Positive
Neutral,Neutral,Neutral,Negative,Neutral,Neutral
Positive,Positive,N/A,Neutral,N/A,Positive
Positive,Positive,Neutral,Neutral,Neutral,Positive
Neutral,Neutral,Positive,Neutral,Neutral,Neutral
Positive,Positive,Neutral,Neutral,Neutral,Positive
Positive,Positive,Neutral,Neutral,Neutral,Positive
Positive,Positive,Neutral,Neutral,Neutral,Positive
Positive,Positive,Neutral,Neutral,Neutral,Positive
Positive,Positive,Neutral,Neutral,Neutral,Positive
Positive,Positive,Neutral,Neutral,Neutral,Positive
Positive,Positive,Neutral,Neutral,Neutral,Positive
Neutral,Negative,Negative,Negative,Neutral,Negative
Positive,Positive,Neutral,Neutral,Neutral,Positive
Neutral,Neutral,Neutral,Negative,Neutral,Neutral
Neutral,Neutral,Neutral,Neutral,Neutral,N/A
Neutral,Neutral,N/A,Neutral,Neutral,Neutral
Positive,Positive,Neutral,Neutral,Neutral,Positive
Positive,Neutral,Neutral,Negative,Neutral,Positive
Positive,Positive,Neutral,Neutral,Neutral,Positive
Positive,Neutral,Neutral,Neutral,Neutral,Positive
Positive,Neutral,Neutral,Neutral,Neutral,Positive
Positive,Positive,Neutral,Negative,Neutral,Positive
Positive,Positive,Neutral,Neutral,Neutral,Positive
Neutral,Neutral,Positive,Neutral,Neutral,Neutral
Positive,Positive,Neutral,Neutral,Neutral,Positive
Positive,Positive,Neutral,Neutral,Neutral,Positive
Positive,Positive,Neutral,Neutral,Positive,Positive
Positive,Positive,Neutral,Neutral,Neutral,Positive
Positive,Positive,Neutral,Neutral,Neutral,Positive
Neutral,N/A,N/A,N/A,N/A,N/A
Neutral,Neutral,Neutral,Negative,Neutral,Neutral
Positive,Positive,Neutral,Neutral,Neutral,Positive
Neutral,Neutral,Neutral,Negative,Neutral,Neutral
Positive,Positive,Neutral,Neutral,Neutral,Positive
Negative,Neutral,Neutral,Negative,Neutral,Negative
Neutral,Positive,Neutral,Positive,Positive,Neutral
Neutral,Neutral,N/A,Neutral,N/A,Neutral
Positive,Positive,Neutral,Neutral,Neutral,Positive
Positive,Positive,Neutral,Neutral,Neutral,Positive
Positive,Positive,Positive,Neutral,Positive,Positive
Positive,Positive,Positive,Neutral,Positive,Positive
Positive,Positive,Neutral,Neutral,Neutral,Positive
Neutral,Neutral,Neutral,Neutral,Neutral,Neutral
Neutral,Neutral,Neutral,Neutral,Neutral,Neutral
Positive,Positive,Positive,Positive,Neutral,Positive
Positive,Positive,Neutral,Neutral,Neutral,Positive
Positive,Positive,Neutral,Neutral,Neutral,Positive
Positive,Positive,Neutral,Neutral,Neutral,Positive
Positive,Positive,Neutral,Neutral,Neutral,Positive
Neutral,N/A,N/A,N/A,N/A,N/A
Positive,Positive,Neutral,Neutral,Neutral,Positive
Positive,Positive,Neutral,Neutral,Neutral,Positive
Positive,Neutral,Neutral,Neutral,Neutral,Neutral
Positive,Positive,Neutral,Negative,Neutral,Positive
Positive,Neutral,Neutral,Neutral,Neutral,Neutral
Positive,Positive,Neutral,Neutral,Neutral,Positive
Positive,Positive,Neutral,Neutral,Neutral,Positive
Positive,Positive,Neutral,Neutral,Neutral,Positive
Positive,Positive,Neutral,Neutral,Neutral,Positive
Positive,Positive,Neutral,Neutral,Neutral,Positive
Positive,Positive,Neutral,Neutral,Neutral,Positive
Positive,Positive,Neutral,Neutral,Neutral,Positive
Negative,Negative,Negative,Negative,Neutral,Neutral
Positive,Positive,Neutral,Neutral,Neutral,Positive
Positive,Positive,Neutral,Neutral,Neutral,Positive
Neutral,Neutral,Neutral,Neutral,Neutral,Positive
Positive,Positive,Neutral,Neutral,Neutral,Positive
Neutral,Neutral,Neutral,Neutral,N/A,N/A
Positive,Positive,Neutral,Neutral,Neutral,Positive
Positive,Positive,Neutral,Neutral,Neutral,Positive
Positive,Positive,Neutral,Neutral,Neutral,Positive
Positive,Positive,Neutral,Neutral,Neutral,Positive
Neutral,Neutral,Neutral,Negative,Neutral,Neutral
Positive,Positive,Neutral,Neutral,Neutral,Positive
Positive,Positive,Neutral,Neutral,Neutral,Positive
Positive,Positive,Neutral,Neutral,Neutral,Positive
Positive,Positive,Neutral,Neutral,Neutral,Positive
Neutral,Neutral,Neutral,Neutral,Neutral,Neutral
Neutral,Neutral,Positive,Neutral,Neutral,Neutral
Positive,Positive,Neutral,Neutral,Neutral,Positive
Positive,Positive,Neutral,Neutral,Neutral,Positive
Neutral,Neutral,Neutral,Positive,Positive,Neutral
Neutral,Neutral,Neutral,Positive,Positive,Neutral
Positive,Positive,Neutral,Neutral,Neutral,Positive
Positive,Positive,Neutral,Neutral,Neutral,Positive
Positive,Positive,Neutral,Neutral,Neutral,Positive
Neutral,Neutral,N/A,Neutral,N/A,N/A
Positive,Positive,Neutral,Neutral,Neutral,Positive
Positive,Positive,Neutral,Neutral,Neutral,Positive
Positive,Positive,Neutral,Neutral,Neutral,Positive
Neutral,Neutral,Neutral,Positive,Positive,Neutral
Positive,Positive,Neutral,Neutral,Neutral,Positive
Positive,Positive,Neutral,Neutral,Neutral,Positive
Positive,Positive,Neutral,Neutral,Neutral,Positive
Positive,Positive,Neutral,Neutral,Neutral,Positive
Neutral,Neutral,Neutral,Negative,Neutral,Neutral
Positive,Positive,Neutral,Neutral,Neutral,Positive
Positive,Positive,Positive,Neutral,Neutral,Positive
Positive,Positive,Neutral,Neutral,Neutral,Positive
Positive,Positive,Neutral,Neutral,Neutral,Positive
Positive,Positive,Neutral,Neutral,Neutral,Positive
Positive,Positive,Neutral,Neutral,Neutral,Positive
Neutral,Neutral,Neutral,Neutral,N/A,Neutral
Neutral,Neutral,N/A,N/A,N/A,N/A
Neutral,Neutral,Neutral,Neutral,Neutral,Neutral
Positive,Positive,Positive,Neutral,N/A,Positive
Neutral,Positive,Positive,Neutral,Neutral,Neutral
Positive,Positive,Neutral,Neutral,Neutral,Positive
Neutral,Neutral,Neutral,Positive,Neutral,Negative
Neutral,Neutral,Neutral,Neutral,Neutral,Positive
Positive,Neutral,Neutral,Negative,Neutral,Positive
Positive,Neutral,Neutral,Negative,Neutral,Positive
Neutral,Neutral,Neutral,Negative,Neutral,Neutral
Neutral,Neutral,Neutral,Negative,Neutral,Neutral
Positive,Positive,Neutral,Neutral,Neutral,Positive
Positive,Neutral,Neutral,Neutral,Neutral,Positive
Positive,Positive,Neutral,Neutral,Neutral,Positive
Positive,Positive,Neutral,Neutral,Neutral,Positive
Neutral,Neutral,Neutral,Neutral,Neutral,Neutral
Positive,Positive,Neutral,Neutral,Neutral,Positive
Neutral,Neutral,Neutral,Neutral,Neutral,Neutral
Neutral,Neutral,Neutral,Positive,Positive,Neutral
Positive,Positive,Positive,Positive,Positive,Neutral
Positive,Positive,Neutral,Neutral,Neutral,Positive
Positive,Neutral,Neutral,Positive,Positive,Positive
Neutral,Neutral,Neutral,Positive,Neutral,Neutral
Positive,Positive,Neutral,Neutral,Neutral,Positive
Neutral,Neutral,Neutral,Neutral,Neutral,Neutral
Positive,Positive,Positive,Neutral,Neutral,Positive
Positive,Positive,Neutral,Neutral,Neutral,Positive
Positive,Positive,Neutral,Neutral,Neutral,Positive
Neutral,Neutral,Neutral,Neutral,Neutral,Positive
Neutral,Neutral,Neutral,Negative,Neutral,Neutral
Negative,Neutral,Neutral,Neutral,Neutral,Neutral
Neutral,Neutral,Neutral,Negative,Neutral,Neutral
Positive,Positive,Neutral,Neutral,Neutral,Positive
Positive,Positive,Neutral,Neutral,Positive,Positive
Positive,Positive,Neutral,Neutral,Neutral,Positive
Neutral,Neutral,N/A,Negative,N/A,N/A
Neutral,Neutral,Neutral,Neutral,Neutral,Neutral
Positive,Positive,Positive,Neutral,Neutral,Positive
Positive,Positive,Neutral,Neutral,Neutral,Positive
Negative,Negative,Negative,Negative,N/A,N/A
Neutral,Neutral,Neutral,Negative,N/A,Neutral
Neutral,Neutral,Neutral,Positive,Positive,Neutral
Positive,Positive,Neutral,Neutral,Neutral,Positive
Neutral,Neutral,Neutral,Negative,Negative,Neutral
Positive,Positive,Neutral,Neutral,Neutral,Positive
Positive,Positive,Neutral,Neutral,Neutral,Positive
Positive,Positive,Positive,Neutral,Neutral,Positive
Positive,Positive,Positive,Neutral,Neutral,Positive
Positive,Positive,Neutral,Neutral,Neutral,Positive
Positive,Positive,Neutral,Neutral,Neutral,Positive
Negative,Negative,Negative,Negative,Neutral,Neutral
Positive,Positive,Neutral,Neutral,Neutral,Positive
Positive,Neutral,N/A,Neutral,Neutral,Positive
Positive,Positive,Neutral,Neutral,Neutral,Positive
Neutral,Neutral,N/A,Positive,Neutral,N/A
Neutral,Neutral,Neutral,Neutral,Neutral,Neutral
Positive,Positive,Neutral,Neutral,Neutral,Positive
Positive,Positive,Neutral,Neutral,Neutral,Positive
Positive,Positive,Neutral,Neutral,Neutral,Positive
Neutral,Neutral,Neutral,Neutral,Neutral,Neutral
Positive,Positive,Neutral,Neutral,Neutral,Positive
Negative,Negative,Negative,Negative,Neutral,Negative
Neutral,Negative,Neutral,Neutral,N/A,Neutral
Negative,Negative,Negative,Neutral,Neutral,Negative
Negative,Neutral,Neutral,Neutral,Neutral,Neutral
Positive,Positive,Neutral,Neutral,Neutral,Positive
Positive,Positive,Neutral,Neutral,Neutral,Positive
Neutral,Neutral,Neutral,Neutral,Neutral,Neutral
Neutral,Neutral,Neutral,Neutral,Neutral,Negative
Neutral,Negative,Negative,Positive,Neutral,Neutral
Neutral,Neutral,Neutral,Neutral,Neutral,Negative
Positive,Positive,Neutral,Neutral,Neutral,Positive
Neutral,Neutral,Neutral,Neutral,Neutral,Neutral
Positive,Positive,Neutral,Neutral,Neutral,Positive
Neutral,Neutral,Neutral,Neutral,Neutral,Neutral
Positive,Positive,Neutral,Neutral,Neutral,Positive
Positive,Positive,Neutral,Neutral,Neutral,Positive
Positive,Positive,Neutral,Neutral,Neutral,Positive
Positive,Positive,Neutral,Neutral,Neutral,Positive
Neutral,Neutral,Neutral,Neutral,Neutral,Neutral
Positive,Positive,Neutral,Neutral,Neutral,Positive
Neutral,Neutral,Neutral,Neutral,Neutral,Neutral
Neutral,Neutral,Neutral,Neutral,Neutral,Neutral
Neutral,Neutral,Neutral,Neutral,Neutral,Neutral
Neutral,Neutral,Neutral,Neutral,Neutral,Neutral
Positive,Neutral,Neutral,Neutral,Neutral,Positive
Positive,Positive,Neutral,Neutral,Neutral,Positive
Neutral,Neutral,Neutral,Neutral,Neutral,Positive
Positive,Positive,Neutral,Neutral,Neutral,Positive
Positive,Neutral,Neutral,Positive,Positive,Negative
Positive,Positive,Neutral,Neutral,Neutral,Positive
Neutral,Positive,Positive,Neutral,Neutral,Neutral
Neutral,Neutral,Neutral,Neutral,Neutral,Neutral
Negative,Negative,Negative,Negative,Neutral,Neutral
Negative,Negative,Negative,Negative,Neutral,Neutral
Positive,Positive,Neutral,Neutral,Neutral,Positive
Neutral,Neutral,Neutral,Neutral,Neutral,Neutral
Positive,Positive,Neutral,Neutral,Neutral,Positive
Negative,Negative,Negative,Negative,Neutral,Negative
Positive,Positive,Neutral,Neutral,Neutral,Positive
Positive,Positive,Neutral,Neutral,Neutral,Positive
Positive,Positive,Neutral,Neutral,Neutral,Positive
Neutral,Negative,Negative,Positive,Positive,Negative
Neutral,Neutral,Neutral,Positive,Neutral,Neutral
Positive,Positive,Neutral,Neutral,Neutral,Positive
Neutral,Neutral,Neutral,Neutral,Neutral,Neutral
Positive,Positive,Neutral,Neutral,Neutral,Positive
Positive,Positive,Neutral,Neutral,Neutral,Positive
Neutral,Neutral,Neutral,Neutral,Neutral,Neutral
Neutral,Neutral,Neutral,Neutral,Neutral,Neutral
Neutral,Neutral,N/A,N/A,N/A,N/A
Neutral,Neutral,Neutral,Negative,Positive,Neutral
Neutral,Neutral,Neutral,Neutral,Neutral,Neutral
Neutral,Neutral,Positive,Neutral,Neutral,Neutral
Neutral,Neutral,Neutral,Neutral,Neutral,Neutral
Negative,Negative,Neutral,Neutral,Neutral,Negative
Neutral,Neutral,Neutral,Neutral,Neutral,Neutral
Negative,Negative,Neutral,Neutral,Neutral,Negative
Positive,Positive,Neutral,Neutral,Neutral,Positive
Neutral,N/A,N/A,Neutral,N/A,N/A
Positive,Positive,Neutral,Neutral,Neutral,Positive
Positive,Positive,Neutral,Neutral,Neutral,Positive
Neutral,Neutral,N/A,Neutral,Neutral,Neutral
Positive,Positive,Neutral,Neutral,Neutral,Positive
Negative,Negative,Neutral,Negative,Neutral,Negative
Neutral,Neutral,Neutral,Neutral,Neutral,Neutral
Positive,Positive,Neutral,Neutral,Neutral,Positive
Positive,Positive,Neutral,Neutral,Neutral,Positive
Neutral,N/A,N/A,N/A,N/A,Neutral
Neutral,Neutral,Neutral,Negative,Neutral,Neutral
Neutral,Neutral,Positive,Neutral,Neutral,Neutral
Neutral,Neutral,Neutral,Negative,Neutral,Neutral
Neutral,Neutral,Neutral,Negative,Neutral,Neutral
Neutral,Neutral,Neutral,Neutral,Neutral,Neutral
Neutral,Neutral,Neutral,Neutral,Neutral,Neutral
Positive,Positive,Neutral,Neutral,Neutral,Positive
Negative,Negative,Neutral,Neutral,Neutral,Negative
Positive,Positive,Neutral,Neutral,Neutral,Positive
Positive,Positive,Neutral,Neutral,Neutral,Positive
Negative,Negative,Negative,Neutral,Neutral,Negative
Positive,Positive,Neutral,Neutral,Neutral,Positive
Neutral,Neutral,Neutral,Negative,Neutral,Negative
Neutral,Neutral,Neutral,Neutral,Neutral,Neutral
Negative,Negative,Neutral,Neutral,Neutral,Negative
Negative,Negative,Neutral,Neutral,Neutral,Negative
Neutral,Neutral,Neutral,Neutral,Neutral,Neutral
Neutral,Neutral,Neutral,Neutral,Neutral,Neutral
Neutral,Positive,Neutral,Neutral,N/A,Neutral
Neutral,Neutral,Neutral,Neutral,Neutral,Neutral
Neutral,Neutral,Neutral,Neutral,Neutral,Neutral
Positive,Positive,Neutral,Neutral,Neutral,Positive
Neutral,Neutral,Neutral,Negative,Neutral,Neutral
Negative,Neutral,Neutral,Negative,Neutral,Negative
Positive,Neutral,Neutral,Neutral,Neutral,Negative
Positive,Positive,Neutral,Neutral,Neutral,Positive
Positive,Positive,Neutral,Neutral,Neutral,Positive
Positive,Positive,Neutral,Neutral,Neutral,Positive
Positive,Neutral,Neutral,Neutral,Neutral,Neutral
Positive,Positive,Neutral,Neutral,Neutral,Positive
Positive,Positive,Neutral,Neutral,Neutral,Positive
Negative,Negative,Negative,Negative,Neutral,Neutral
Positive,Positive,Neutral,Neutral,Neutral,Positive
Neutral,Neutral,Neutral,Neutral,Positive,Neutral
Neutral,Neutral,Neutral,Positive,Positive,Neutral
Neutral,Neutral,Neutral,Neutral,Neutral,Neutral
Neutral,Positive,Neutral,Neutral,Neutral,Neutral
Positive,Positive,Neutral,Neutral,Neutral,Positive
Positive,Positive,Positive,Neutral,Neutral,Neutral
Neutral,Neutral,Neutral,Negative,Neutral,Neutral
Neutral,Neutral,Neutral,Neutral,Neutral,Neutral
Positive,Neutral,Neutral,Negative,Neutral,Positive
Negative,Neutral,Neutral,Neutral,Neutral,Negative
Negative,Neutral,Neutral,Neutral,Neutral,Negative
Positive,Positive,Neutral,Neutral,Neutral,Positive
Neutral,Neutral,Neutral,Neutral,Neutral,Neutral
Positive,Positive,Neutral,Neutral,Neutral,Positive
Neutral,Neutral,Neutral,Negative,Neutral,Neutral
Negative,Negative,Negative,Negative,Neutral,Neutral
Positive,Positive,Neutral,Neutral,Neutral,Positive
Positive,Positive,Neutral,Neutral,Neutral,Positive
Neutral,Neutral,Neutral,Neutral,Neutral,Neutral
Positive,Positive,Neutral,Neutral,Neutral,Positive
Positive,Positive,Neutral,Neutral,Neutral,Positive
Neutral,Neutral,Neutral,Negative,N/A,Neutral
Neutral,Neutral,Neutral,Neutral,Neutral,Neutral
Neutral,Neutral,Neutral,Negative,N/A,Neutral
Positive,Neutral,N/A,Neutral,Neutral,Neutral
Neutral,Neutral,Neutral,Neutral,Neutral,Positive
Positive,Positive,Positive,Positive,Neutral,Positive
Positive,Positive,Neutral,Neutral,Neutral,Positive
Positive,Positive,Neutral,Neutral,Neutral,Positive
Neutral,Neutral,Neutral,Negative,Neutral,Neutral
Positive,Positive,Neutral,Neutral,Neutral,Positive
Negative,Negative,Neutral,Negative,Neutral,Negative
Positive,Positive,Neutral,Neutral,Neutral,Positive
Positive,Positive,Neutral,Neutral,Neutral,Positive
Positive,Positive,Neutral,Neutral,Neutral,Positive
Neutral,Neutral,Neutral,Neutral,Neutral,Positive
Positive,Neutral,Neutral,Neutral,Neutral,Neutral
Positive,Neutral,Neutral,Neutral,Neutral,Neutral
Positive,Positive,Neutral,Neutral,Neutral,Positive
Positive,Positive,Neutral,Neutral,Neutral,Positive
Positive,Positive,Neutral,Neutral,Neutral,Positive
Neutral,Neutral,Neutral,Neutral,Neutral,Positive
Positive,Positive,Neutral,Neutral,Neutral,Positive
Positive,Positive,Neutral,Neutral,Neutral,Positive
Positive,Positive,Neutral,Neutral,Neutral,Positive
Neutral,Neutral,Neutral,Neutral,Neutral,Neutral
Neutral,Neutral,Neutral,Positive,Positive,Neutral
Positive,Positive,Neutral,Neutral,Neutral,Positive
Positive,Positive,Neutral,Neutral,Neutral,Positive
Positive,Positive,Neutral,Neutral,Neutral,Positive
Positive,Positive,Neutral,Neutral,Neutral,Positive
Neutral,Neutral,Neutral,Positive,Positive,Neutral
Neutral,Neutral,Neutral,Positive,Positive,Neutral
Positive,Positive,Positive,Neutral,Neutral,Positive
Positive,Positive,Neutral,Neutral,Neutral,Positive
Neutral,Neutral,Neutral,Positive,Neutral,Neutral
Neutral,Neutral,Neutral,Positive,Positive,Neutral
Positive,Positive,Neutral,Neutral,Neutral,Positive
Neutral,Neutral,Neutral,Neutral,Neutral,Neutral
Neutral,Neutral,Neutral,Positive,Positive,Neutral
Positive,Positive,Neutral,Neutral,Neutral,Positive
Neutral,N/A,N/A,Neutral,N/A,N/A
Positive,Positive,Neutral,Neutral,Neutral,Positive
Neutral,Neutral,Neutral,Neutral,Neutral,N/A
Positive,Neutral,Neutral,Neutral,Neutral,Positive
Positive,Neutral,Neutral,Neutral,Neutral,Positive
Neutral,Neutral,Neutral,Neutral,Neutral,Positive
Neutral,Positive,Positive,Neutral,N/A,Neutral
Neutral,Neutral,Neutral,Neutral,Positive,Neutral
Positive,Positive,Positive,Neutral,Neutral,Neutral
Positive,Positive,Neutral,Neutral,Neutral,Positive
Neutral,Neutral,Neutral,Neutral,Neutral,Neutral
Neutral,Neutral,N/A,Neutral,N/A,N/A
Positive,Positive,Neutral,Neutral,Neutral,Positive
Positive,Positive,Neutral,Neutral,Neutral,Positive
Neutral,Neutral,Neutral,Positive,Positive,Neutral
Positive,Positive,Neutral,Neutral,Neutral,Positive
Neutral,Neutral,Neutral,Neutral,Neutral,Neutral
Positive,Positive,Neutral,Neutral,Neutral,Positive
Neutral,Neutral,Positive,Neutral,Neutral,Neutral
Positive,Positive,Neutral,Neutral,Neutral,Positive
Positive,Positive,Neutral,Neutral,Neutral,Positive
Neutral,Neutral,Neutral,Positive,Positive,Neutral
Neutral,Neutral,Positive,Neutral,Neutral,Neutral
Positive,Positive,Neutral,Neutral,Neutral,Positive
Positive,Positive,Neutral,Neutral,Neutral,Positive
Positive,Positive,Neutral,Positive,Positive,Neutral
Neutral,Neutral,Neutral,Neutral,Neutral,Neutral
Positive,Neutral,Neutral,Positive,Positive,Neutral
Neutral,Neutral,Neutral,Neutral,Neutral,Neutral
Neutral,Neutral,Neutral,Positive,Positive,Neutral
Neutral,Neutral,Neutral,Positive,Positive,Neutral
Positive,Positive,Neutral,Neutral,Neutral,Positive
Positive,Neutral,N/A,Neutral,Neutral,Neutral
Neutral,Positive,Neutral,Neutral,Neutral,Positive
Positive,Neutral,Neutral,Neutral,Positive,Positive
Positive,Positive,Neutral,Neutral,Neutral,Positive
Positive,Positive,Neutral,Neutral,Neutral,Positive
Positive,Neutral,N/A,N/A,N/A,Neutral
Neutral,Neutral,Neutral,Positive,Positive,Neutral
Neutral,Neutral,Neutral,Neutral,N/A,Positive
Positive,Positive,Neutral,Neutral,Neutral,Positive
Negative,Neutral,N/A,Neutral,N/A,N/A
Neutral,Positive,Positive,Neutral,Neutral,Positive
Positive,Positive,Neutral,Neutral,Neutral,Positive
Positive,Positive,Neutral,Neutral,Neutral,Positive
Neutral,Neutral,N/A,Neutral,Neutral,N/A
Neutral,Neutral,N/A,Positive,Positive,N/A
Neutral,Neutral,Neutral,Neutral,Positive,Neutral
Positive,Positive,Neutral,Neutral,Neutral,Positive
Positive,Positive,Neutral,Neutral,Neutral,Positive
Positive,Positive,Neutral,Neutral,Neutral,Positive
Positive,Positive,Neutral,Neutral,Neutral,Positive
Neutral,Neutral,Neutral,Neutral,Neutral,Neutral
Positive,Positive,Neutral,Neutral,Positive,Positive
Positive,Positive,Neutral,Neutral,Neutral,Positive
Neutral,Neutral,Neutral,Positive,N/A,Neutral
Positive,Positive,Neutral,Neutral,Neutral,Positive
Negative,Neutral,Neutral,Negative,Neutral,Neutral
Positive,Neutral,Neutral,Neutral,Neutral,Positive
Neutral,Neutral,Neutral,Positive,Positive,Neutral
Neutral,Neutral,Neutral,Positive,Neutral,Neutral
Positive,Positive,Positive,Neutral,Neutral,Positive
Neutral,Positive,Neutral,Neutral,Neutral,Positive
Positive,Positive,Neutral,Neutral,Neutral,Positive
Positive,Positive,Neutral,Neutral,Neutral,Positive
Positive,Positive,Neutral,Neutral,Neutral,Positive
Positive,Positive,Neutral,Neutral,Neutral,Positive
Positive,Positive,Neutral,Neutral,Neutral,Positive
Neutral,Neutral,Neutral,Neutral,Neutral,Neutral
Neutral,Neutral,N/A,Neutral,Neutral,N/A
Neutral,Neutral,Neutral,Neutral,Neutral,Neutral
Neutral,Neutral,Positive,Positive,Positive,Neutral
Neutral,Neutral,Neutral,Neutral,Neutral,Neutral
Neutral,Neutral,Neutral,Negative,Neutral,Neutral
Neutral,Neutral,Neutral,Negative,Neutral,Neutral
Neutral,Neutral,Neutral,Negative,Neutral,Neutral
Neutral,Neutral,Neutral,Negative,Neutral,Neutral
Neutral,Neutral,Neutral,Negative,Neutral,Neutral
Neutral,Negative,N/A,Neutral,N/A,N/A
Neutral,Neutral,N/A,Positive,Positive,N/A
Positive,Positive,Neutral,Neutral,Neutral,Positive
Neutral,Neutral,Neutral,Positive,Positive,Neutral
Neutral,Neutral,Neutral,Positive,Positive,Neutral
Positive,Neutral,Neutral,Neutral,Neutral,Positive
Positive,Positive,Neutral,Neutral,Neutral,Positive
Neutral,Neutral,Neutral,Positive,Neutral,Positive
Neutral,Neutral,Neutral,Positive,Neutral,Positive
Positive,Positive,Neutral,Neutral,Neutral,Positive
Neutral,Neutral,Neutral,Positive,Positive,Neutral
Neutral,Neutral,Neutral,Positive,Neutral,Neutral
Positive,Positive,Neutral,Neutral,Neutral,Positive
Positive,Positive,Neutral,Neutral,Neutral,Positive
Positive,Positive,Neutral,Neutral,Neutral,Positive
Positive,Positive,Neutral,Neutral,Neutral,Positive
Neutral,Neutral,Neutral,Positive,Positive,Neutral
Positive,Positive,Neutral,Neutral,Neutral,Positive
Neutral,Neutral,Neutral,Positive,Positive,Neutral
Neutral,Neutral,Neutral,Neutral,Neutral,Neutral
Neutral,Neutral,Neutral,Positive,Positive,Neutral
Positive,Positive,Neutral,Neutral,Neutral,Positive
Neutral,Neutral,Neutral,Positive,Neutral,Neutral
Positive,Positive,Neutral,Neutral,Neutral,Positive
Positive,Positive,Neutral,Neutral,Neutral,Positive
Neutral,Neutral,Neutral,Negative,Positive,Neutral
Neutral,Neutral,Neutral,Positive,Neutral,Neutral
Positive,Positive,Neutral,Neutral,Neutral,Positive
Positive,Positive,Neutral,Neutral,Neutral,Positive
Neutral,Neutral,Neutral,Negative,Neutral,Neutral
Neutral,Neutral,Neutral,Negative,Neutral,Neutral
Neutral,Neutral,Neutral,Negative,Neutral,Neutral
Positive,Positive,Neutral,Neutral,Neutral,Positive
Positive,Positive,Neutral,Neutral,Neutral,Positive
Positive,Positive,Neutral,Neutral,Neutral,Positive
Neutral,Neutral,Neutral,Positive,Positive,Neutral
Neutral,Neutral,Neutral,Neutral,Neutral,Neutral
Positive,Positive,Neutral,Neutral,Neutral,Positive
Neutral,Neutral,Neutral,Positive,Positive,Neutral
Positive,Positive,Neutral,Neutral,Neutral,Positive
Positive,Positive,Neutral,Neutral,Neutral,Positive
Positive,Positive,Neutral,Neutral,Neutral,Positive
Positive,Positive,Neutral,Neutral,Neutral,Positive
Neutral,Neutral,Neutral,Negative,Neutral,Neutral
Neutral,Neutral,Neutral,Negative,Positive,Neutral
Positive,Positive,Neutral,Neutral,Neutral,Positive
Positive,Positive,N/A,Neutral,Neutral,Positive
Positive,Positive,Neutral,Neutral,Neutral,Positive
Neutral,Neutral,Neutral,Neutral,Neutral,N/A
Neutral,Neutral,Neutral,Neutral,Neutral,Positive
Positive,Positive,Neutral,Neutral,Neutral,Positive
Neutral,Neutral,Neutral,Neutral,Neutral,Neutral
Neutral,N/A,N/A,Negative,N/A,N/A
Neutral,N/A,N/A,Negative,N/A,N/A
Positive,Positive,Neutral,Neutral,Neutral,Positive
Neutral,Positive,Positive,Neutral,Neutral,Neutral
Neutral,Neutral,Neutral,Negative,Neutral,Neutral
Neutral,Neutral,Neutral,Positive,Positive,Neutral
Neutral,Neutral,Neutral,Positive,Positive,Neutral
Neutral,Neutral,Neutral,Positive,Positive,Neutral
Neutral,Neutral,Neutral,Neutral,Neutral,Neutral
Positive,Positive,Neutral,Neutral,Neutral,Positive
Positive,Positive,Neutral,Neutral,Neutral,Positive
Neutral,Neutral,N/A,Neutral,Neutral,N/A
Positive,Positive,Neutral,Neutral,Neutral,Positive
Neutral,Neutral,Neutral,Positive,Positive,Neutral
Positive,Positive,Neutral,Neutral,Neutral,Positive
Positive,Positive,Neutral,Positive,Positive,Neutral
Positive,Positive,Neutral,Neutral,Neutral,Positive
Positive,Positive,Neutral,Neutral,Neutral,Positive
Neutral,Neutral,Neutral,Neutral,Positive,Neutral
Positive,Positive,Neutral,Neutral,Neutral,Positive
Neutral,Neutral,Neutral,Positive,Positive,Neutral
Neutral,Neutral,Neutral,Positive,Neutral,Neutral
Positive,Positive,Neutral,Neutral,Neutral,Positive
Positive,Positive,Neutral,Neutral,Neutral,Positive
Neutral,Negative,Neutral,Neutral,Neutral,Positive
Positive,Positive,Neutral,Neutral,Neutral,Positive
Positive,Positive,Neutral,Neutral,Neutral,Positive
Negative,Negative,Neutral,Negative,Neutral,Neutral
Neutral,Neutral,Neutral,Positive,Positive,Neutral
Neutral,Neutral,Neutral,Neutral,Neutral,Neutral
Neutral,Neutral,Neutral,Neutral,Neutral,Neutral
Neutral,Positive,Negative,Neutral,Neutral,Neutral
Positive,Positive,Neutral,Neutral,Neutral,Positive
Positive,Positive,Neutral,Neutral,Neutral,Positive
Neutral,Neutral,Neutral,Neutral,Positive,Neutral
Positive,Neutral,Neutral,Neutral,Neutral,Neutral
Positive,Positive,Neutral,Neutral,Neutral,Positive
Neutral,Neutral,Neutral,Positive,Positive,Neutral
Neutral,Neutral,Neutral,Positive,Neutral,Neutral
Neutral,Neutral,Neutral,Neutral,Neutral,Neutral
Neutral,Neutral,Neutral,Positive,Positive,Neutral
Positive,Positive,Neutral,Neutral,Neutral,Positive
Positive,Positive,Neutral,Neutral,Positive,Positive
Neutral,Neutral,Neutral,Neutral,Neutral,Neutral
Neutral,Neutral,Neutral,Positive,Positive,Neutral
Positive,Positive,Positive,Neutral,Positive,Positive
Neutral,Neutral,Neutral,Negative,Neutral,Neutral
Positive,Positive,Neutral,Neutral,Neutral,Positive
Neutral,Negative,Negative,Negative,Neutral,Neutral
Neutral,Neutral,Neutral,Negative,Neutral,Neutral
Neutral,Neutral,Neutral,Positive,Positive,Neutral
Positive,Positive,Neutral,Neutral,Neutral,Positive
Positive,Positive,Neutral,Neutral,Neutral,Positive
Neutral,Negative,Negative,Positive,Positive,Neutral
Positive,Positive,Neutral,Neutral,Neutral,Positive
Negative,Neutral,Negative,Negative,N/A,Neutral
Positive,Positive,Neutral,Neutral,Neutral,Positive
Neutral,Neutral,Neutral,Neutral,Neutral,Neutral
Positive,Positive,Positive,Neutral,N/A,Positive
Positive,Neutral,Neutral,Neutral,Neutral,Positive
Positive,Positive,Neutral,Neutral,Neutral,Positive
Neutral,Neutral,Negative,Neutral,Neutral,Positive
Neutral,Neutral,Neutral,Neutral,Neutral,Neutral
Positive,Positive,Neutral,Neutral,Neutral,Positive
Positive,Neutral,Neutral,Neutral,Neutral,Positive
Neutral,Neutral,Neutral,Positive,Neutral,Neutral
Positive,Positive,Neutral,Neutral,Neutral,Positive
Neutral,Neutral,Neutral,Positive,Neutral,Neutral
Neutral,Neutral,Neutral,Positive,Positive,Neutral
Neutral,Neutral,Neutral,Neutral,Neutral,Positive
Neutral,Neutral,N/A,Neutral,Positive,Neutral
Neutral,Neutral,Neutral,Neutral,Neutral,Neutral
Neutral,Neutral,Neutral,Negative,Neutral,Negative
Neutral,Neutral,Negative,Positive,Positive,Neutral
Neutral,Neutral,Negative,Neutral,Neutral,Neutral
Negative,Negative,Negative,Negative,Neutral,Negative
Positive,Positive,Neutral,Neutral,Neutral,Positive
Positive,Positive,Neutral,Neutral,Neutral,Positive
Negative,Neutral,Neutral,Neutral,Neutral,Negative
Negative,Neutral,Negative,Neutral,Neutral,Negative
Neutral,Neutral,Neutral,Neutral,Neutral,Neutral
Neutral,Neutral,Negative,Neutral,Neutral,Neutral
Positive,Positive,Neutral,Neutral,Neutral,Positive
Neutral,Neutral,Positive,Neutral,Neutral,Neutral
Positive,Neutral,Positive,Neutral,Neutral,Neutral
Neutral,Positive,Positive,Neutral,Neutral,Neutral
Neutral,Neutral,Positive,Neutral,Neutral,Neutral
Neutral,Neutral,Positive,Neutral,Neutral,Neutral
Neutral,Neutral,Neutral,Neutral,Neutral,Neutral
Neutral,Neutral,Neutral,Neutral,Neutral,Neutral
Positive,Positive,Neutral,Neutral,Neutral,Positive
Neutral,N/A,N/A,N/A,N/A,N/A
Positive,Positive,Neutral,Neutral,Neutral,Positive
Positive,Positive,Neutral,Neutral,Neutral,Positive
Positive,Positive,Neutral,Neutral,Neutral,Positive
Neutral,Neutral,Neutral,Neutral,Neutral,Neutral
Neutral,Neutral,Neutral,Neutral,Neutral,Neutral
Positive,Positive,Positive,Neutral,Positive,Positive
Positive,Positive,Positive,Neutral,Positive,Positive
Positive,Neutral,Neutral,Neutral,Neutral,Positive
Positive,Positive,Neutral,Neutral,Neutral,Positive
Positive,Neutral,Neutral,Neutral,Neutral,Neutral
Positive,Positive,Neutral,Neutral,Neutral,Positive
Positive,Positive,Neutral,Neutral,Neutral,Positive
Positive,Neutral,Neutral,Neutral,Neutral,Neutral
Positive,Positive,Neutral,Neutral,Neutral,Positive
Positive,Positive,Neutral,Neutral,Neutral,Positive
Positive,Neutral,Neutral,Neutral,Neutral,Neutral
Neutral,Neutral,Neutral,Neutral,Neutral,Positive
Neutral,Neutral,Neutral,Neutral,Neutral,Positive
Positive,Positive,Neutral,Neutral,Neutral,Positive
Positive,Neutral,Neutral,Neutral,Neutral,Neutral
Positive,Neutral,Neutral,Neutral,Neutral,Positive
Positive,Positive,Positive,Neutral,Positive,Positive
Positive,Neutral,Neutral,Neutral,Neutral,Neutral
Neutral,Neutral,Neutral,Neutral,Neutral,Neutral
Positive,Positive,Neutral,Neutral,Positive,Positive
Neutral,Neutral,Neutral,Neutral,Neutral,Neutral
Positive,Positive,Neutral,Neutral,Neutral,Positive
Positive,Positive,Neutral,Neutral,Neutral,Positive
Positive,Positive,Neutral,Neutral,Neutral,Positive
Positive,Positive,Neutral,Neutral,Neutral,Positive
Positive,Positive,Neutral,Positive,Positive,Positive
Positive,Neutral,Neutral,Positive,Neutral,Positive
Neutral,Neutral,Neutral,Neutral,Neutral,Neutral
Positive,Positive,Neutral,Neutral,Neutral,Positive
Neutral,Neutral,Neutral,Neutral,Neutral,Positive
Positive,Neutral,Neutral,Neutral,Neutral,Positive
Positive,Positive,Neutral,Neutral,Neutral,Positive
Positive,Neutral,Neutral,N/A,Neutral,Positive
Positive,Neutral,Neutral,Neutral,Neutral,Positive
Neutral,Neutral,Neutral,Neutral,Neutral,Positive
Neutral,Neutral,Neutral,Neutral,Neutral,Negative
Neutral,Neutral,Neutral,Neutral,Neutral,Neutral
Neutral,Positive,Neutral,Neutral,Neutral,Neutral
Neutral,Neutral,Neutral,Neutral,Neutral,Neutral
Positive,Positive,Neutral,Neutral,Neutral,Positive
Positive,Positive,Neutral,Neutral,Neutral,Positive
Neutral,Neutral,Neutral,Negative,Neutral,Negative
Positive,Neutral,Neutral,Neutral,Neutral,Neutral
Neutral,Neutral,Neutral,Neutral,Neutral,Neutral
Neutral,Neutral,N/A,Neutral,N/A,N/A
Neutral,Neutral,Neutral,Neutral,Neutral,Neutral
Positive,Positive,Neutral,Neutral,Neutral,Positive
Positive,Neutral,Neutral,Neutral,Neutral,Neutral
Negative,Neutral,Neutral,Neutral,Neutral,Negative
Neutral,Neutral,Neutral,Neutral,Neutral,Neutral
Neutral,Neutral,Neutral,Neutral,Neutral,Negative
Neutral,Neutral,Neutral,Neutral,Neutral,Negative
Positive,Positive,Neutral,Neutral,Neutral,Positive
Neutral,Neutral,Negative,Negative,Neutral,Negative
Positive,Positive,Neutral,Neutral,Neutral,Positive
Positive,Positive,Neutral,Neutral,Neutral,Positive
Positive,Positive,Neutral,Neutral,Neutral,Positive
Negative,Negative,Neutral,Neutral,Neutral,Negative
Negative,Negative,Neutral,Negative,Neutral,Negative
Negative,Negative,Negative,Neutral,Neutral,Negative
Negative,Negative,Negative,Neutral,Neutral,Negative
Neutral,Neutral,Neutral,Neutral,Neutral,Neutral
Neutral,Neutral,Neutral,Neutral,Neutral,Negative
Positive,Positive,Neutral,Neutral,Neutral,Positive
Positive,Positive,Neutral,Neutral,Neutral,Positive
Negative,Negative,Negative,Neutral,Neutral,Neutral
Negative,Negative,Negative,Neutral,Neutral,Neutral
Positive,Positive,Neutral,Neutral,Neutral,Positive
Negative,Neutral,Neutral,Negative,Neutral,Negative
Negative,Neutral,Neutral,Neutral,Neutral,Negative
Negative,Neutral,Neutral,Neutral,N/A,Negative
Negative,Neutral,Negative,Neutral,Neutral,Negative
Neutral,Neutral,Neutral,Neutral,Neutral,Neutral
Neutral,Neutral,Neutral,Neutral,Neutral,Neutral
Neutral,Neutral,Neutral,Neutral,Neutral,Neutral
Neutral,Neutral,Neutral,Neutral,Neutral,Neutral
Neutral,Neutral,Neutral,Neutral,Neutral,Neutral
Neutral,Neutral,Neutral,Neutral,Neutral,Positive
Neutral,Neutral,Neutral,Neutral,Neutral,Neutral
Neutral,Neutral,Neutral,Neutral,Neutral,Neutral
Negative,Negative,Negative,Negative,Neutral,N/A
Positive,Positive,Neutral,Neutral,Neutral,Positive
Positive,Neutral,Positive,N/A,Neutral,N/A
Neutral,Neutral,Negative,Neutral,Neutral,Neutral
Neutral,Neutral,Neutral,Neutral,Neutral,Neutral
Neutral,Neutral,Neutral,Positive,Positive,Neutral
Neutral,Neutral,N/A,Positive,Neutral,N/A
Positive,Positive,Neutral,Neutral,Neutral,Positive
Positive,Positive,Neutral,Neutral,Neutral,Positive
Positive,Positive,Neutral,Neutral,Neutral,Positive
Neutral,Neutral,Neutral,Neutral,Positive,Neutral
Neutral,Neutral,Neutral,Neutral,Positive,Neutral
Positive,Positive,Neutral,Negative,Neutral,Positive
Neutral,Neutral,N/A,Neutral,Neutral,Neutral
Neutral,N/A,N/A,Neutral,N/A,N/A
Neutral,Neutral,N/A,Neutral,N/A,Neutral
Neutral,N/A,N/A,Neutral,N/A,N/A
Positive,Positive,Neutral,Neutral,Neutral,Positive
Positive,Positive,Neutral,Neutral,Neutral,Positive
Positive,Positive,Neutral,Neutral,Neutral,Positive
Positive,Positive,Neutral,Neutral,Neutral,Positive
Neutral,Neutral,N/A,Positive,Neutral,Neutral
Positive,Positive,Neutral,Neutral,Neutral,Positive
Positive,Positive,Neutral,Neutral,Neutral,Positive
Positive,Positive,Neutral,Neutral,Neutral,Positive
Neutral,Neutral,Neutral,Neutral,Neutral,Neutral
Negative,Neutral,Neutral,Neutral,Neutral,Negative
Neutral,Neutral,Neutral,Neutral,Positive,Neutral
Positive,Positive,Neutral,Neutral,Neutral,Positive
Neutral,Neutral,Neutral,Neutral,Positive,Neutral
Positive,Positive,Neutral,Neutral,Neutral,Positive
Positive,Positive,Neutral,Neutral,Neutral,Positive
Positive,Positive,Neutral,Neutral,Neutral,Positive
Positive,Positive,Neutral,Neutral,Neutral,Positive
Positive,Positive,Neutral,Neutral,Neutral,Positive
Positive,Positive,Neutral,Neutral,Neutral,Positive
Positive,Neutral,N/A,Neutral,Neutral,Positive
Positive,Neutral,N/A,Neutral,Neutral,Positive
Positive,Neutral,N/A,Neutral,Neutral,Positive
Positive,Neutral,N/A,Neutral,Neutral,Positive
Neutral,Neutral,Neutral,Neutral,Neutral,Neutral
Neutral,Neutral,Neutral,Negative,Neutral,Positive
Neutral,Neutral,Neutral,Negative,Neutral,Positive
Neutral,Neutral,Neutral,Neutral,Positive,Neutral
Positive,Positive,Neutral,Neutral,Neutral,Positive
Positive,Positive,Neutral,Neutral,Neutral,Positive
Positive,Positive,Neutral,Neutral,Neutral,Positive
Positive,Positive,Neutral,Neutral,Neutral,Positive
Positive,Positive,Neutral,Neutral,Neutral,Positive
Positive,Positive,Neutral,Neutral,Neutral,Positive
Positive,Positive,Neutral,Neutral,Neutral,Positive
Positive,Positive,Neutral,Neutral,Neutral,Positive
Positive,Positive,Neutral,Neutral,Neutral,Positive
Neutral,Neutral,Neutral,Negative,Neutral,Neutral
Positive,Positive,Neutral,Neutral,Neutral,Positive
Positive,Positive,Neutral,Neutral,Neutral,Positive
Positive,Positive,Neutral,Neutral,Positive,Positive
Positive,Positive,Neutral,Neutral,Neutral,Positive
Neutral,Neutral,Neutral,Positive,Positive,Neutral
Negative,Neutral,Negative,Neutral,Neutral,Neutral
Negative,Neutral,Negative,Neutral,Neutral,Negative
Neutral,Neutral,Neutral,Neutral,Neutral,Positive
Neutral,Neutral,Neutral,Neutral,Neutral,Neutral
Positive,Neutral,Neutral,Neutral,Positive,Neutral
Positive,Neutral,Neutral,Positive,Positive,Neutral
Positive,Neutral,Neutral,Neutral,Positive,Neutral
Negative,Negative,Neutral,Negative,Neutral,Negative
Negative,Negative,Neutral,Negative,Neutral,Negative
Negative,Negative,Neutral,Negative,Neutral,Negative
Negative,Negative,Neutral,Negative,Neutral,Negative
Negative,Negative,Neutral,Negative,Neutral,Negative
Neutral,Negative,Neutral,Positive,Positive,Neutral
Neutral,Neutral,Neutral,Positive,Neutral,Neutral
Neutral,Neutral,Neutral,Positive,Neutral,Neutral
Neutral,Neutral,Neutral,Negative,Neutral,Neutral
Neutral,Neutral,Neutral,Positive,Positive,Neutral
Positive,Positive,Neutral,Neutral,Neutral,Positive
Neutral,Negative,Negative,Positive,Positive,Negative
Negative,Negative,Negative,Positive,Positive,Negative
Positive,Positive,Neutral,Neutral,Neutral,Positive
Negative,Negative,Negative,Positive,Positive,Negative
Positive,Positive,Neutral,Neutral,Neutral,Positive
Positive,Positive,Neutral,Neutral,Neutral,Positive
Positive,Positive,Neutral,Neutral,Neutral,Positive
Positive,Positive,Neutral,Neutral,Neutral,Positive
Neutral,Neutral,Negative,Positive,Positive,Negative
Neutral,Neutral,Negative,Positive,Positive,Negative
Neutral,Neutral,Negative,Positive,Positive,Negative
Neutral,Neutral,Neutral,Negative,Neutral,Neutral
Neutral,Neutral,Neutral,Negative,Neutral,Neutral
Neutral,Neutral,Neutral,Negative,Neutral,Neutral
Negative,Negative,Negative,Positive,Positive,Negative
Neutral,Neutral,Neutral,Positive,Positive,Negative
Neutral,Neutral,Neutral,Positive,Positive,Negative
Positive,Positive,Neutral,Neutral,Neutral,Positive
Negative,Neutral,Neutral,Neutral,Neutral,Negative
Neutral,Neutral,Neutral,Positive,Positive,Neutral
Neutral,N/A,N/A,N/A,N/A,Neutral
Positive,Positive,Neutral,Neutral,Neutral,Positive
Positive,Positive,Neutral,Neutral,Neutral,Positive
Positive,Positive,Neutral,Neutral,Neutral,Positive
Positive,Positive,Neutral,Neutral,Neutral,Positive
Positive,Neutral,Neutral,Neutral,Neutral,Negative
Neutral,Neutral,Neutral,N/A,N/A,Neutral
Positive,Positive,Neutral,Neutral,Neutral,Positive
Positive,Neutral,Neutral,Neutral,Neutral,Neutral
Positive,Neutral,Neutral,Neutral,Neutral,Neutral
Neutral,Negative,Negative,Neutral,Neutral,Negative
Negative,Negative,Negative,Negative,Neutral,Negative
Negative,Negative,Negative,Negative,Neutral,Negative
Positive,Positive,Neutral,Neutral,Neutral,Positive
Positive,Positive,Neutral,Neutral,Neutral,Positive
Positive,Positive,Neutral,Neutral,Neutral,Positive
Positive,Positive,Neutral,Neutral,Neutral,Positive
Neutral,Neutral,Neutral,Neutral,Neutral,Neutral
Neutral,Neutral,Neutral,Neutral,N/A,Neutral
Neutral,Neutral,Neutral,Positive,Positive,Neutral
Positive,Positive,Neutral,Neutral,Neutral,Positive
Neutral,Neutral,Neutral,Negative,Neutral,Neutral
Positive,Positive,Neutral,Neutral,Neutral,Positive
Positive,Positive,Neutral,Neutral,Neutral,Positive
Positive,Neutral,Positive,Positive,Positive,Neutral
Neutral,Neutral,Neutral,Positive,Positive,Neutral
Neutral,Positive,Neutral,Negative,Neutral,Neutral
Positive,Positive,Neutral,Neutral,Neutral,Positive
Positive,Positive,Neutral,Neutral,Neutral,Positive
Positive,Positive,Neutral,Neutral,Neutral,Positive
Positive,Positive,Positive,Neutral,Neutral,Neutral
Neutral,Neutral,Neutral,Negative,Neutral,Neutral
Positive,Positive,Neutral,Neutral,Neutral,Positive
Positive,Positive,Neutral,Neutral,Neutral,Positive
Neutral,Negative,Neutral,Negative,Neutral,Neutral
Neutral,Neutral,Neutral,Neutral,Neutral,Neutral
Positive,Positive,Neutral,Neutral,Neutral,Positive
Positive,Positive,Neutral,Neutral,Neutral,Positive
Positive,Positive,Neutral,Neutral,Neutral,Positive
Positive,Positive,Neutral,Neutral,Neutral,Positive
Positive,Positive,Neutral,Neutral,Neutral,Positive
Positive,Positive,Neutral,Negative,Neutral,Positive
Positive,Positive,Neutral,Neutral,Neutral,Positive
Positive,Positive,Neutral,Neutral,Neutral,Positive
Positive,Positive,Positive,Neutral,Neutral,Neutral
Positive,Positive,Neutral,Neutral,Neutral,Positive
Neutral,Neutral,Neutral,Neutral,Neutral,Neutral
Neutral,Neutral,Neutral,Positive,Positive,Neutral
Positive,Positive,Neutral,Neutral,Neutral,Positive
Neutral,Neutral,Neutral,Positive,Positive,Neutral
Positive,Positive,Neutral,Neutral,Neutral,Positive
Positive,Positive,Neutral,Neutral,Neutral,Positive
Neutral,Neutral,Neutral,Negative,Neutral,Positive
Neutral,Neutral,Neutral,Neutral,Neutral,Neutral
Positive,Positive,Neutral,Neutral,Neutral,Positive
Positive,Positive,Neutral,Neutral,Neutral,Positive
Negative,Neutral,Neutral,Negative,Neutral,Neutral
Neutral,Neutral,Neutral,Positive,Positive,Neutral
Neutral,Neutral,Neutral,Negative,Neutral,Neutral
Positive,Positive,Neutral,Neutral,Neutral,Positive
Neutral,Neutral,Neutral,Positive,Positive,Neutral
Positive,Positive,Neutral,Neutral,Neutral,Positive
Neutral,Neutral,Neutral,Neutral,Neutral,Neutral
Neutral,Neutral,Neutral,Positive,Positive,Neutral
Neutral,Neutral,Neutral,Neutral,Neutral,Neutral
Neutral,Neutral,Neutral,Neutral,Neutral,Neutral
Positive,Positive,Neutral,Neutral,Neutral,Positive
Positive,Positive,Neutral,Neutral,Neutral,Positive
Neutral,Neutral,Neutral,Neutral,Neutral,Positive
Neutral,Neutral,Neutral,Neutral,Neutral,Positive
Positive,Positive,Neutral,Neutral,Neutral,Positive
Positive,Positive,Neutral,Neutral,Neutral,Positive
Negative,Neutral,Neutral,Neutral,Neutral,Neutral
Positive,Positive,Neutral,Neutral,Neutral,Positive
Neutral,Neutral,Neutral,Negative,Neutral,Neutral
Neutral,Neutral,Neutral,Negative,Neutral,Neutral
Neutral,Neutral,Neutral,Negative,Negative,Neutral
Neutral,Neutral,Neutral,Neutral,Neutral,Neutral
Positive,Neutral,Neutral,Neutral,Neutral,Neutral
Positive,Positive,Neutral,Neutral,Neutral,Positive
Neutral,Neutral,N/A,Neutral,N/A,N/A
Positive,Positive,Neutral,Neutral,Neutral,Positive
Neutral,Positive,Positive,Neutral,Neutral,Neutral
Positive,Negative,Neutral,Negative,Neutral,Neutral
Neutral,Neutral,Neutral,Neutral,Neutral,Neutral
Neutral,Neutral,N/A,Neutral,Neutral,Neutral
Positive,Positive,Neutral,Neutral,Neutral,Positive
Positive,Positive,Neutral,Neutral,Neutral,Positive
Neutral,Neutral,Neutral,Neutral,Neutral,Neutral
Positive,Positive,Neutral,Neutral,Neutral,Positive
Positive,Neutral,Neutral,Neutral,Neutral,Negative
Neutral,N/A,Positive,N/A,N/A,N/A
Neutral,Neutral,Neutral,Neutral,Neutral,Neutral
Positive,Positive,Neutral,Neutral,Neutral,Positive
Neutral,Positive,N/A,Neutral,N/A,N/A
Positive,Positive,Neutral,Neutral,Neutral,Positive
Positive,Positive,Neutral,Neutral,Neutral,Positive
Positive,Neutral,Positive,Neutral,Positive,Neutral
Positive,Neutral,Neutral,Negative,Neutral,Positive
Neutral,Neutral,Neutral,Neutral,Neutral,Neutral
Positive,Positive,Neutral,Neutral,Neutral,Positive
Positive,Positive,Neutral,Neutral,Neutral,Positive
Neutral,Neutral,Neutral,Neutral,N/A,Neutral
Neutral,Neutral,Positive,Neutral,Neutral,Neutral
Positive,Positive,Neutral,Neutral,Neutral,Positive
Positive,Positive,Neutral,Neutral,Neutral,Positive
Neutral,Neutral,Neutral,Neutral,Neutral,Positive
Positive,Positive,Neutral,Neutral,Neutral,Positive
Positive,Positive,Neutral,Neutral,Neutral,Positive
Neutral,Neutral,Neutral,Negative,Negative,Neutral
Neutral,Neutral,Neutral,Neutral,Neutral,Neutral
Neutral,Neutral,Neutral,Neutral,N/A,Neutral
Positive,Positive,Neutral,Neutral,Neutral,Positive
Neutral,N/A,N/A,N/A,N/A,N/A
Positive,Positive,Neutral,Neutral,Positive,Positive
Positive,Positive,Neutral,Neutral,Neutral,Positive
Positive,Positive,Neutral,Neutral,Neutral,Positive
Positive,Positive,Neutral,Negative,Neutral,Positive
Positive,Positive,Neutral,Neutral,Neutral,Positive
Positive,Positive,Neutral,Neutral,Neutral,Positive
Neutral,Neutral,Neutral,Positive,Positive,Neutral
Positive,Positive,Neutral,Neutral,Neutral,Positive
Neutral,Neutral,Neutral,Positive,Positive,Neutral
Neutral,Neutral,Positive,Positive,Positive,Neutral
Neutral,Neutral,N/A,Positive,N/A,N/A
Neutral,Neutral,Neutral,Negative,Neutral,Neutral
Positive,Positive,Neutral,Neutral,Neutral,Positive
Positive,Positive,Neutral,Neutral,Neutral,Positive
Positive,Positive,Neutral,Neutral,Neutral,Positive
Positive,Positive,Neutral,Neutral,Neutral,Positive
Neutral,Neutral,Neutral,Positive,Positive,Neutral
Positive,Positive,Neutral,Neutral,Neutral,Positive
Positive,Positive,Neutral,Neutral,Neutral,Positive
Positive,Positive,Neutral,Neutral,Neutral,Positive
Neutral,Neutral,Neutral,Neutral,Positive,Positive
Neutral,Neutral,Neutral,Neutral,Neutral,Neutral
Positive,Positive,Neutral,Neutral,Neutral,Positive
Positive,Positive,Neutral,Neutral,Neutral,Positive
Positive,Neutral,Neutral,Positive,Positive,N/A
Neutral,Neutral,Neutral,Neutral,Neutral,Neutral
Neutral,Neutral,Neutral,Neutral,Positive,N/A
Neutral,Neutral,Neutral,Negative,Neutral,Positive
Positive,Positive,Neutral,Neutral,Neutral,Positive
Positive,Positive,Neutral,Neutral,Neutral,Positive
Positive,Positive,Neutral,Neutral,Neutral,Positive
Neutral,Neutral,Neutral,Negative,Neutral,Neutral
Positive,Positive,Neutral,Neutral,Neutral,Positive
Positive,Positive,Neutral,Neutral,Neutral,Positive
Positive,Positive,Neutral,Neutral,Neutral,Positive
Neutral,Neutral,Neutral,Negative,Neutral,Neutral
Positive,Positive,Neutral,Neutral,Neutral,Positive
Negative,Negative,Negative,Negative,Neutral,Neutral
Positive,Positive,Neutral,Neutral,Neutral,Positive
Neutral,Neutral,Neutral,Negative,Neutral,Neutral
Neutral,Neutral,Neutral,Negative,Neutral,Neutral
Positive,Positive,Neutral,Neutral,Neutral,Positive
Positive,Neutral,Neutral,Positive,Positive,Positive
Positive,Positive,Neutral,Neutral,Neutral,Positive
Positive,Positive,Neutral,Neutral,Neutral,Positive
Positive,Positive,Neutral,Neutral,Neutral,Positive
Positive,Positive,Neutral,Neutral,Neutral,Positive
Positive,Positive,Neutral,Neutral,Neutral,Positive
Positive,Positive,Neutral,Neutral,Neutral,Positive
Positive,Neutral,Neutral,Neutral,Positive,Positive
Positive,Positive,Neutral,Neutral,Neutral,Positive
Positive,Positive,Neutral,Neutral,Neutral,Positive
Neutral,Neutral,N/A,Neutral,Positive,Neutral
Neutral,Neutral,N/A,Neutral,Positive,Neutral
Positive,Positive,Neutral,Neutral,Neutral,Positive
Positive,Positive,Neutral,Neutral,Neutral,Positive
Neutral,Neutral,Neutral,Neutral,Neutral,Neutral
Positive,Positive,Neutral,Neutral,Neutral,Positive
Positive,Positive,Neutral,Neutral,Neutral,Positive
Positive,Positive,Neutral,Neutral,Neutral,Positive
Positive,Positive,Neutral,Neutral,Neutral,Positive
Neutral,N/A,N/A,N/A,N/A,N/A
Neutral,Neutral,Neutral,Positive,Positive,Neutral
Neutral,Neutral,Neutral,Neutral,Neutral,Neutral
Neutral,Neutral,Neutral,Neutral,Positive,Neutral
Positive,Positive,Neutral,Neutral,Neutral,Positive
Negative,Neutral,N/A,Negative,N/A,Negative
Neutral,Neutral,Neutral,Positive,Positive,Neutral
Positive,Positive,Neutral,Neutral,Neutral,Positive
Positive,Positive,Neutral,Neutral,Neutral,Positive
Positive,Positive,Neutral,Neutral,Neutral,Positive
Positive,Positive,Neutral,Neutral,Neutral,Positive
Positive,Positive,Neutral,Neutral,Neutral,Positive
Positive,Positive,Neutral,Neutral,Neutral,Positive
Positive,Positive,Neutral,Neutral,Neutral,Positive
Positive,Positive,Neutral,Neutral,Neutral,Positive
Positive,Positive,Neutral,Neutral,Neutral,Positive
Neutral,Neutral,Neutral,Positive,Positive,Neutral
Neutral,Neutral,Neutral,Negative,Neutral,Neutral
Neutral,Neutral,Neutral,Positive,Positive,Neutral
Neutral,Neutral,Neutral,Negative,Neutral,Neutral
Positive,Positive,Neutral,Neutral,Neutral,Positive
Positive,Neutral,Neutral,Neutral,Neutral,Positive
Positive,Neutral,Neutral,Neutral,Neutral,Positive
Neutral,Neutral,Neutral,Negative,Neutral,Positive
Neutral,Neutral,Positive,Negative,Neutral,Positive
Positive,Positive,Neutral,Neutral,Neutral,Positive
Positive,Positive,Neutral,Neutral,Neutral,Positive
Positive,Positive,Neutral,Neutral,Neutral,Positive
Positive,Positive,Neutral,Neutral,Neutral,Positive
Positive,Positive,Neutral,Neutral,Neutral,Positive
Positive,Positive,Neutral,Neutral,Neutral,Positive
Positive,Positive,Neutral,Neutral,Neutral,Positive
Neutral,Neutral,Neutral,Negative,Neutral,Neutral
Positive,Positive,Neutral,Neutral,Neutral,Positive
Neutral,Positive,Positive,Neutral,Neutral,Neutral
Neutral,Neutral,Neutral,Neutral,Neutral,Neutral
Negative,Negative,Negative,Neutral,Neutral,Negative
Neutral,Positive,Positive,Neutral,Neutral,Neutral
Neutral,Neutral,Neutral,Positive,Positive,Neutral
Positive,Positive,Neutral,Neutral,Neutral,Positive
Positive,Positive,Neutral,Neutral,Neutral,Positive
Positive,Positive,Neutral,Neutral,Neutral,Positive
Positive,Positive,Neutral,Neutral,Neutral,Positive
Negative,Negative,Neutral,Neutral,Neutral,Negative
Positive,Positive,Neutral,Neutral,Neutral,Positive
Neutral,Neutral,N/A,Positive,Positive,Neutral
Neutral,Neutral,Neutral,Positive,Positive,Neutral
Positive,Positive,Neutral,Neutral,Neutral,Positive
Negative,Negative,Neutral,Positive,Neutral,Negative
Neutral,Neutral,Neutral,Negative,Neutral,Neutral
Positive,Positive,Neutral,Neutral,Neutral,Positive
Neutral,Negative,Neutral,Positive,Positive,Neutral
Positive,Positive,Neutral,Neutral,Neutral,Positive
Positive,Positive,Neutral,Neutral,Neutral,Positive
Positive,Positive,Neutral,Neutral,Neutral,Positive
Positive,Positive,Neutral,Neutral,Neutral,Positive
Positive,Positive,Neutral,Neutral,Neutral,Positive
Positive,Neutral,Neutral,Neutral,Neutral,Neutral
Neutral,Negative,N/A,Negative,N/A,N/A
Positive,Positive,Neutral,Neutral,Neutral,Positive
Negative,Negative,Neutral,Neutral,Neutral,Negative
Neutral,Neutral,Positive,Neutral,Neutral,Neutral
Positive,Positive,Neutral,Neutral,Neutral,Positive
Positive,Positive,Neutral,Neutral,Neutral,Positive
Neutral,Neutral,Neutral,Neutral,Neutral,Neutral
Negative,Neutral,Negative,Positive,Neutral,Negative
Negative,Negative,Negative,Positive,Positive,Negative
Positive,Positive,Neutral,Neutral,Neutral,Positive
Negative,Negative,Neutral,Positive,Neutral,Negative
Negative,Negative,Neutral,Neutral,Neutral,Negative
Positive,Positive,Neutral,Neutral,Neutral,Positive
Positive,Positive,Neutral,Neutral,Neutral,Positive
Positive,Neutral,Neutral,Neutral,Neutral,Negative
Positive,Positive,Neutral,Neutral,Neutral,Positive
Negative,Negative,Neutral,Neutral,Neutral,Negative
Positive,Positive,Neutral,Neutral,Neutral,Positive
Neutral,Neutral,Negative,Negative,Neutral,Neutral
Neutral,Neutral,Neutral,Positive,Neutral,Neutral
Positive,Positive,Neutral,Neutral,Neutral,Positive
Positive,Positive,Neutral,Neutral,Neutral,Positive
Positive,Positive,Neutral,Neutral,Neutral,Positive
Neutral,Neutral,Neutral,Positive,Neutral,Neutral
Positive,Positive,Neutral,Neutral,Neutral,Positive
Positive,Positive,Neutral,Neutral,Neutral,Positive
Positive,Positive,Neutral,Neutral,Neutral,Positive
Positive,Positive,Neutral,Neutral,Neutral,Positive
Positive,Positive,Neutral,Neutral,Neutral,Positive
Negative,Negative,Neutral,Neutral,Neutral,Negative
Neutral,Neutral,Neutral,Positive,Neutral,Neutral
Positive,Positive,Neutral,Neutral,Neutral,Positive
Neutral,Neutral,Positive,Neutral,Neutral,Neutral
Positive,Positive,Neutral,Neutral,Neutral,Positive
Positive,Positive,Neutral,Neutral,Neutral,Positive
Neutral,Neutral,Neutral,Positive,Positive,Neutral
Neutral,Neutral,Neutral,Neutral,Neutral,Neutral
Neutral,Neutral,Neutral,Neutral,Neutral,Neutral
Positive,Positive,Positive,Neutral,Positive,Neutral
Positive,Positive,Positive,Neutral,Positive,Neutral
Positive,Positive,Positive,Neutral,Neutral,Neutral
Positive,Positive,Neutral,Neutral,Neutral,Positive
Positive,Positive,Neutral,Neutral,Neutral,Positive
Positive,Positive,Neutral,Neutral,Neutral,Positive
Neutral,Neutral,Neutral,Neutral,Neutral,Neutral
Neutral,Neutral,Neutral,Neutral,N/A,Neutral
Positive,Positive,Neutral,Neutral,Neutral,Positive
Positive,Positive,Neutral,Neutral,Neutral,Positive
Positive,Positive,Neutral,Neutral,Neutral,Positive
Positive,Neutral,Positive,Neutral,Neutral,Neutral
Neutral,Neutral,Positive,Neutral,Neutral,Neutral
Neutral,Neutral,Positive,Neutral,Neutral,Neutral
Neutral,Neutral,Positive,Neutral,Neutral,Neutral
Positive,Positive,Positive,Neutral,Neutral,Neutral
Positive,Positive,Positive,Neutral,Neutral,Positive
Positive,Positive,Neutral,Neutral,Neutral,Positive
Neutral,Neutral,Neutral,Positive,Positive,Neutral
Positive,Positive,Neutral,Neutral,Neutral,Positive
Positive,Positive,Neutral,Neutral,Neutral,Positive
Positive,Positive,Neutral,Neutral,Neutral,Positive
Positive,Positive,Neutral,Neutral,Neutral,Positive
Positive,Positive,Neutral,Neutral,Neutral,Positive
Neutral,Neutral,Neutral,Positive,Positive,Neutral
Neutral,Neutral,Neutral,Positive,Positive,Neutral
Positive,Positive,Neutral,Neutral,Neutral,Positive
Positive,Positive,Neutral,Neutral,Neutral,Positive
Positive,Positive,Neutral,Neutral,Neutral,Positive
Neutral,Neutral,Positive,Neutral,Neutral,Neutral
Positive,Positive,Neutral,Neutral,Neutral,Positive
Positive,Positive,Positive,Neutral,Neutral,Positive
Positive,Positive,Neutral,Neutral,Neutral,Positive
Positive,Positive,Neutral,Neutral,Neutral,Positive
Neutral,Positive,Positive,Neutral,Neutral,Neutral
Neutral,Neutral,Positive,Neutral,Neutral,Neutral
Neutral,Neutral,Neutral,Neutral,Neutral,Neutral
Positive,Positive,Positive,Neutral,Positive,Positive
Positive,Positive,Neutral,Neutral,Neutral,Positive
Positive,Positive,Neutral,Neutral,Neutral,Positive
Positive,Positive,Neutral,Neutral,Neutral,Positive
Neutral,Neutral,Neutral,Neutral,Neutral,Positive
Positive,Positive,Neutral,Neutral,Neutral,Positive
Positive,Positive,Neutral,Neutral,Neutral,Positive
Positive,Positive,Positive,Neutral,Neutral,Neutral
Neutral,Neutral,Neutral,Negative,Neutral,Neutral
Positive,Positive,Neutral,Neutral,Neutral,Positive
Positive,Positive,Neutral,Neutral,Neutral,Positive
Positive,Positive,Neutral,Neutral,Neutral,Positive
Neutral,Positive,Neutral,Neutral,Neutral,Neutral
Neutral,Neutral,Positive,Neutral,Neutral,Positive
Positive,Positive,Neutral,Neutral,Neutral,Positive
Neutral,Positive,Positive,Negative,Neutral,Neutral
Neutral,Positive,Positive,Negative,Neutral,Neutral
Positive,Positive,Neutral,Neutral,Neutral,Positive
Neutral,Neutral,Positive,Neutral,Neutral,Neutral
Neutral,Neutral,Neutral,Negative,Neutral,Neutral
Positive,Positive,Neutral,Neutral,Neutral,Positive
Positive,Positive,Neutral,Neutral,Neutral,Positive
Neutral,Positive,Positive,Negative,Neutral,Neutral
Neutral,Positive,Positive,Negative,Neutral,Neutral
Positive,Positive,Neutral,Neutral,Neutral,Positive
Neutral,Neutral,Neutral,Negative,Neutral,Neutral
Neutral,Neutral,Neutral,Negative,Neutral,Neutral
Positive,Positive,Neutral,Neutral,Neutral,Positive
Positive,Positive,Neutral,Neutral,Neutral,Positive
Neutral,Neutral,Neutral,Neutral,Neutral,Neutral
Neutral,Neutral,N/A,Neutral,Neutral,N/A
Neutral,Negative,Negative,Negative,Neutral,Negative
Positive,Positive,Neutral,Neutral,Neutral,Positive
Positive,Positive,Neutral,Neutral,Neutral,Positive
Neutral,Neutral,Neutral,Negative,Neutral,Negative
Neutral,Neutral,Neutral,Neutral,Neutral,Positive
Neutral,Neutral,N/A,Positive,Positive,N/A
Positive,Positive,Neutral,Neutral,Neutral,Positive
Neutral,Negative,Neutral,Neutral,Neutral,Neutral
Neutral,Positive,Neutral,Neutral,Neutral,Positive
Positive,Positive,Neutral,Neutral,Neutral,Positive
Positive,Positive,Neutral,Neutral,Neutral,Positive
Neutral,Neutral,Neutral,Negative,Neutral,Neutral
Neutral,Positive,Positive,Positive,Positive,Neutral
Positive,Positive,Neutral,Neutral,Neutral,Positive
Neutral,Neutral,Neutral,Negative,Neutral,Neutral
Positive,Positive,Neutral,Neutral,Neutral,Positive
Neutral,Neutral,Neutral,Neutral,Neutral,Neutral
Neutral,Neutral,Neutral,Neutral,Neutral,Neutral
Positive,Positive,Neutral,Neutral,Neutral,Positive
Positive,Positive,Neutral,Neutral,Neutral,Positive
Positive,Positive,Neutral,Neutral,Neutral,Positive
Positive,Positive,Neutral,Neutral,Neutral,Positive
Positive,Neutral,Neutral,Neutral,Neutral,Positive
Positive,Positive,Neutral,Neutral,Neutral,Positive
Neutral,N/A,N/A,Positive,N/A,N/A
Positive,Positive,Positive,Neutral,Neutral,Positive
Positive,Positive,Neutral,Neutral,Neutral,Positive
Positive,Positive,Neutral,Neutral,Neutral,Positive
Neutral,Neutral,N/A,Neutral,Neutral,N/A
Neutral,Neutral,Neutral,Negative,Neutral,Neutral
Positive,Positive,Positive,Neutral,Neutral,Neutral
Positive,Positive,Positive,Neutral,Neutral,Neutral
Positive,Positive,Positive,Neutral,Neutral,Neutral
Neutral,Neutral,N/A,Neutral,N/A,N/A
Positive,Positive,Positive,Neutral,Neutral,Neutral
Positive,Positive,Neutral,Neutral,Neutral,Positive
Neutral,Negative,Negative,Positive,Neutral,Neutral
Positive,Positive,Neutral,Neutral,Neutral,Positive
Neutral,Neutral,Neutral,Neutral,Neutral,Positive
Neutral,Neutral,Neutral,Negative,Neutral,Neutral
Neutral,Neutral,Neutral,Negative,Neutral,Neutral
Neutral,Neutral,Neutral,Negative,Neutral,Neutral
Neutral,Neutral,Neutral,Negative,Neutral,Neutral
Positive,Positive,Neutral,Neutral,Neutral,Positive
Positive,Positive,Neutral,Neutral,Neutral,Positive
Positive,Positive,Positive,Neutral,Neutral,Neutral
Positive,Positive,Neutral,Neutral,Neutral,Positive
Positive,Positive,Neutral,Neutral,Neutral,Positive
Positive,Positive,Neutral,Neutral,Neutral,Positive
Positive,Positive,Neutral,Neutral,Neutral,Positive
Neutral,Positive,Neutral,Neutral,Neutral,Positive
Positive,Positive,Neutral,Neutral,Neutral,Neutral
Neutral,Neutral,Neutral,Neutral,Neutral,Neutral
Positive,Positive,Neutral,Neutral,Neutral,Positive
Neutral,Neutral,Neutral,Neutral,Neutral,Positive
Positive,Positive,Neutral,Neutral,Neutral,Positive
Neutral,Neutral,Neutral,Positive,Neutral,Neutral
Neutral,Neutral,Neutral,Neutral,Neutral,Neutral
Positive,Positive,Neutral,Neutral,Neutral,Positive
Positive,Positive,Neutral,Neutral,Neutral,Positive
Positive,Positive,Neutral,Neutral,Neutral,Positive
Positive,Positive,Neutral,Neutral,Neutral,Positive
Neutral,Negative,Neutral,Neutral,Neutral,Negative
Neutral,Negative,Neutral,Neutral,Neutral,Negative
Neutral,Positive,Positive,Neutral,Neutral,Neutral
Neutral,Neutral,Neutral,Neutral,Positive,Neutral
Neutral,Neutral,Neutral,Neutral,Positive,Neutral
Neutral,Positive,Positive,Neutral,Neutral,Neutral
Neutral,Positive,Positive,Neutral,Neutral,Positive
Neutral,Neutral,Positive,Neutral,Neutral,Neutral
Positive,Positive,Positive,Neutral,Neutral,Neutral
Positive,Positive,Positive,Neutral,Neutral,Neutral
Positive,Positive,Positive,Neutral,Neutral,Neutral
Positive,Positive,Positive,Neutral,Neutral,Neutral
Neutral,Neutral,Neutral,Positive,Positive,Neutral
Positive,Positive,Positive,Neutral,Neutral,Neutral
Neutral,Neutral,Positive,Neutral,Neutral,Neutral
Neutral,Neutral,Positive,Neutral,Neutral,Neutral
Positive,Positive,Neutral,Neutral,Neutral,Positive
Positive,Positive,Neutral,Neutral,Neutral,Positive
Positive,Neutral,N/A,Neutral,N/A,N/A
Positive,Neutral,Neutral,Neutral,Neutral,Positive
Neutral,Neutral,Neutral,Neutral,Neutral,Neutral
Neutral,Neutral,Neutral,Neutral,Neutral,Neutral
Positive,Positive,Neutral,Neutral,Neutral,Positive
Positive,Positive,Neutral,Neutral,Neutral,Positive
Positive,Positive,Neutral,Neutral,Neutral,Positive
Positive,Positive,Positive,Neutral,N/A,Neutral
Positive,Positive,Neutral,Neutral,Neutral,Positive
Neutral,Neutral,Neutral,Neutral,Neutral,Neutral
Positive,Positive,Neutral,Neutral,Neutral,Positive
Positive,Neutral,Neutral,Neutral,Neutral,Positive
Negative,Negative,Negative,Negative,Neutral,Negative
Neutral,Neutral,Neutral,Neutral,Neutral,Negative
Negative,Neutral,Neutral,Negative,Neutral,Negative
Positive,Positive,Neutral,Neutral,Neutral,Positive
Neutral,Negative,Neutral,Neutral,Neutral,Negative
Neutral,Negative,Neutral,Neutral,Neutral,Negative
Neutral,Neutral,Neutral,Negative,Neutral,Neutral
Neutral,Neutral,Neutral,Negative,Neutral,Neutral
Neutral,Neutral,Neutral,Negative,Neutral,Neutral
Neutral,Neutral,Neutral,Negative,Neutral,Neutral
Neutral,Neutral,Neutral,Neutral,Neutral,Neutral
Neutral,Neutral,Neutral,Neutral,Neutral,Neutral
Neutral,Neutral,Neutral,Neutral,Neutral,Neutral
Neutral,Neutral,Positive,Neutral,Neutral,Neutral
Neutral,Neutral,Positive,Neutral,Neutral,Neutral
Positive,Positive,Neutral,Neutral,Neutral,Positive
Neutral,Neutral,Positive,Neutral,Neutral,Neutral
Positive,Positive,Neutral,Neutral,Neutral,Positive
Neutral,Neutral,Neutral,Neutral,Neutral,Neutral
Positive,Positive,Neutral,Neutral,Neutral,Positive
Neutral,Neutral,Positive,Neutral,Neutral,Neutral
Positive,Positive,Positive,Neutral,Neutral,Neutral
Neutral,Positive,Positive,Neutral,Neutral,Neutral
Neutral,Neutral,Neutral,Neutral,Neutral,Neutral
Positive,Positive,Neutral,Neutral,Neutral,Positive
Positive,Positive,Positive,Neutral,Neutral,Neutral
Positive,Positive,Positive,Neutral,Neutral,Neutral
Neutral,Neutral,Positive,Neutral,Neutral,Neutral
Neutral,Neutral,Neutral,Neutral,Neutral,Negative
Positive,Positive,Neutral,Neutral,Neutral,Positive
Positive,Positive,Neutral,Neutral,Neutral,Positive
Neutral,Neutral,Neutral,Negative,N/A,Neutral
Neutral,Neutral,Neutral,Neutral,Neutral,Neutral
Neutral,Neutral,Neutral,Neutral,Neutral,Negative
Neutral,Neutral,Neutral,Neutral,Neutral,Positive
Positive,Positive,Neutral,Neutral,Neutral,Positive
Neutral,Neutral,Neutral,Neutral,Neutral,Neutral
Neutral,Neutral,Neutral,Neutral,Neutral,Neutral
Neutral,Neutral,Neutral,Neutral,Neutral,Neutral
Neutral,Neutral,Neutral,Negative,Neutral,Neutral
Neutral,Neutral,Neutral,Neutral,Neutral,Neutral
Neutral,Negative,Negative,Neutral,Neutral,Negative
Neutral,Neutral,Neutral,Positive,Positive,Neutral
Neutral,Neutral,Positive,Neutral,Neutral,Neutral
Neutral,Neutral,Neutral,Positive,Positive,Neutral
Neutral,Neutral,Neutral,Positive,Positive,N/A
Positive,Positive,Neutral,Neutral,Neutral,Positive
Neutral,Neutral,N/A,Positive,Positive,N/A
Positive,Positive,Positive,Neutral,Positive,Positive
Neutral,Neutral,Neutral,Neutral,Positive,Neutral
Neutral,Neutral,Neutral,Neutral,Positive,Neutral
Neutral,Neutral,N/A,N/A,N/A,N/A
Positive,Neutral,Neutral,Neutral,Neutral,Neutral
Neutral,Neutral,Neutral,Neutral,Neutral,Neutral
Positive,Positive,Neutral,Neutral,Neutral,Positive
Neutral,Neutral,Neutral,Neutral,Neutral,Neutral
Neutral,Neutral,Neutral,Negative,Negative,Neutral
Positive,Positive,Neutral,Neutral,Neutral,Positive
Positive,Positive,Positive,Neutral,Neutral,Positive
Neutral,Neutral,Neutral,Positive,Positive,Neutral
Neutral,Neutral,Neutral,Neutral,Neutral,Neutral
Positive,Positive,Neutral,Neutral,Neutral,Positive
Negative,Negative,Neutral,Negative,Negative,Neutral
Positive,Positive,Neutral,Neutral,Neutral,Positive
Neutral,Positive,Neutral,Neutral,Neutral,Neutral
Positive,Positive,Neutral,Neutral,Neutral,Positive
Neutral,Neutral,Neutral,Negative,Neutral,Neutral
Positive,Positive,Neutral,Neutral,Neutral,Positive
Neutral,Positive,Positive,Neutral,Neutral,Neutral
Neutral,Neutral,Positive,Negative,Negative,Neutral
Positive,Positive,Neutral,Neutral,Neutral,Positive
Positive,Positive,Neutral,Neutral,Neutral,Positive
Neutral,Neutral,Neutral,Neutral,Positive,Neutral
Neutral,Neutral,Neutral,Neutral,N/A,Neutral
Positive,Positive,Neutral,Neutral,Neutral,Positive
Neutral,Neutral,Neutral,Positive,Positive,Neutral
Negative,Neutral,Neutral,Neutral,N/A,Negative
Positive,Positive,Neutral,Neutral,Neutral,Positive
Positive,Positive,Neutral,Neutral,Neutral,Positive
Neutral,Neutral,Neutral,Negative,Neutral,Neutral
Neutral,Negative,Neutral,Neutral,Neutral,Neutral
Positive,Positive,Neutral,Neutral,Neutral,Positive
Neutral,Positive,Positive,Neutral,Neutral,Neutral
Positive,Positive,Positive,Neutral,Neutral,Neutral
Positive,Positive,Neutral,Neutral,Neutral,Positive
Neutral,Positive,Positive,Neutral,Positive,Neutral
Neutral,Neutral,Neutral,Positive,Positive,Neutral
Neutral,Neutral,Neutral,Neutral,Neutral,Neutral
Neutral,Neutral,Positive,Neutral,Neutral,Neutral
Positive,Positive,Neutral,Neutral,Neutral,Positive
Neutral,Neutral,Neutral,Negative,Neutral,Neutral
Positive,Positive,Neutral,Neutral,Neutral,Positive
Positive,Positive,Neutral,Neutral,Neutral,Positive
Neutral,Neutral,Neutral,Neutral,Positive,Neutral
Positive,Positive,Neutral,Neutral,Neutral,Positive
Neutral,Positive,Positive,Neutral,Neutral,Neutral
Positive,Positive,Positive,Neutral,Neutral,Neutral
Positive,Positive,Neutral,Neutral,Neutral,Positive
Positive,Positive,Neutral,Neutral,Neutral,Positive
Neutral,Neutral,Neutral,Neutral,Neutral,Neutral
Neutral,Neutral,Neutral,Positive,Positive,N/A
Positive,Positive,Neutral,Negative,Neutral,Positive
Neutral,Neutral,Neutral,Negative,Positive,N/A
Neutral,Neutral,Neutral,Negative,Neutral,Neutral
Neutral,Neutral,Neutral,Neutral,Neutral,Neutral
Neutral,Neutral,Neutral,Positive,Neutral,Neutral
Neutral,Neutral,Neutral,Positive,Positive,Neutral
Neutral,Neutral,Neutral,Positive,Positive,Neutral
Neutral,Neutral,Negative,Negative,Neutral,Negative
Positive,Positive,Neutral,Neutral,Neutral,Positive
Neutral,Positive,Positive,Positive,Positive,Neutral
Positive,Positive,Neutral,Neutral,Neutral,Positive
Neutral,Neutral,Neutral,Neutral,Neutral,Neutral
Neutral,Negative,Negative,Negative,Neutral,Positive
Positive,Positive,Neutral,Neutral,Neutral,Positive
Neutral,Neutral,Neutral,Positive,Positive,Neutral
Neutral,Neutral,Neutral,Positive,Positive,Positive
Positive,Positive,Neutral,Neutral,Neutral,Positive
Positive,Positive,Neutral,Neutral,Neutral,Positive
Neutral,Neutral,Neutral,Positive,Positive,Neutral
Neutral,Neutral,Neutral,Neutral,Neutral,Neutral
Neutral,Neutral,Neutral,Negative,N/A,N/A
Neutral,Neutral,N/A,Positive,Positive,N/A
Neutral,Neutral,Neutral,Positive,Positive,Neutral
Neutral,Neutral,Neutral,Positive,Positive,Neutral
Neutral,Neutral,N/A,Positive,Positive,N/A
Neutral,Neutral,Neutral,Positive,Positive,Neutral
Neutral,Positive,Positive,Negative,Neutral,Neutral
Positive,Positive,Neutral,Neutral,Neutral,Positive
Neutral,Neutral,Neutral,Neutral,Neutral,Neutral
Positive,Positive,Neutral,Positive,Positive,Positive
Positive,Positive,Neutral,Neutral,Neutral,Positive
Neutral,Neutral,Neutral,Negative,N/A,N/A
Positive,Positive,Neutral,Neutral,Neutral,Positive
Neutral,Neutral,Neutral,Negative,Neutral,Neutral
Neutral,Neutral,Negative,Negative,Neutral,Neutral
Positive,Positive,Neutral,Neutral,Neutral,Positive
Neutral,Neutral,Neutral,Negative,Neutral,Neutral
Positive,Positive,Neutral,Neutral,Neutral,Positive
Positive,Positive,Neutral,Neutral,Neutral,Positive
Neutral,Neutral,Neutral,Negative,Neutral,Neutral
Neutral,Neutral,Neutral,Negative,Neutral,Neutral
Neutral,Neutral,Neutral,Negative,Neutral,Neutral
Positive,Positive,Neutral,Neutral,Neutral,Positive
Neutral,Neutral,Neutral,Negative,Neutral,Positive
Neutral,Neutral,Neutral,Positive,Positive,Neutral
Neutral,Neutral,N/A,Positive,Positive,N/A
Positive,Positive,Neutral,Neutral,Neutral,Positive
Neutral,Neutral,Neutral,Positive,Positive,Neutral
Positive,Positive,Positive,Neutral,Positive,Positive
Positive,Positive,Positive,Neutral,Positive,Positive
Positive,Positive,Positive,Neutral,Positive,Positive
Positive,Positive,Positive,Neutral,Positive,Positive
Positive,Neutral,Positive,Neutral,Neutral,Positive
Neutral,Negative,N/A,Negative,N/A,N/A
Positive,Positive,Neutral,Neutral,Neutral,Positive
Neutral,Neutral,Neutral,Positive,Neutral,Neutral
Neutral,Neutral,Positive,Positive,Neutral,Neutral
Neutral,Neutral,Neutral,Positive,Positive,Neutral
Neutral,Neutral,Neutral,Positive,Neutral,Positive
Neutral,Neutral,Neutral,Negative,Neutral,Negative
Neutral,Neutral,Neutral,Positive,Neutral,N/A
Neutral,Neutral,Neutral,Positive,Positive,Neutral
Neutral,Neutral,Neutral,Positive,Positive,N/A
Neutral,Neutral,N/A,Positive,Positive,N/A
Neutral,Neutral,Positive,Neutral,Neutral,Neutral
Positive,Positive,Neutral,Neutral,Neutral,Positive
Positive,Positive,Neutral,Neutral,Neutral,Positive
Positive,Positive,Neutral,Neutral,Neutral,Positive
Neutral,Neutral,Neutral,Positive,Positive,Neutral
Positive,Positive,Neutral,Neutral,Neutral,Positive
Negative,Negative,Negative,Neutral,Positive,Negative
Positive,Positive,Neutral,Neutral,Neutral,Positive
Neutral,Neutral,Neutral,Neutral,Neutral,Neutral
Neutral,Neutral,Neutral,Neutral,Neutral,Neutral
Positive,Positive,Neutral,Neutral,Neutral,Positive
Neutral,N/A,N/A,Neutral,N/A,N/A
Positive,Positive,Neutral,Neutral,Neutral,Positive
Neutral,Neutral,Neutral,Positive,Positive,Neutral
Positive,Positive,Neutral,Neutral,Neutral,Positive
Positive,Positive,Neutral,Neutral,Neutral,Positive
Neutral,Neutral,Neutral,Positive,Positive,Neutral
Neutral,Neutral,Neutral,Positive,Positive,Neutral
Neutral,Neutral,Neutral,Positive,Positive,Neutral
Neutral,Neutral,Neutral,Positive,Positive,Neutral
Neutral,Neutral,Neutral,Positive,Positive,Neutral
Positive,Positive,Neutral,Neutral,Neutral,Positive
Neutral,Negative,Negative,Negative,Neutral,Neutral
Positive,Positive,Neutral,Neutral,Neutral,Positive
Neutral,Neutral,Neutral,Neutral,Neutral,Neutral
Positive,Positive,Neutral,Neutral,Neutral,Positive
Neutral,Neutral,Neutral,Positive,Positive,N/A
Positive,Positive,Neutral,Neutral,Neutral,Positive
Positive,Positive,Neutral,Neutral,Neutral,Positive
Positive,Positive,Neutral,Neutral,Neutral,Positive
Positive,Positive,Neutral,Neutral,Neutral,Positive
Negative,Negative,Negative,Neutral,Neutral,Negative
Negative,Negative,Negative,Neutral,Neutral,Negative
Positive,Positive,Neutral,Neutral,Neutral,Positive
Negative,Negative,Negative,Neutral,Neutral,Negative
Neutral,Negative,Neutral,Neutral,Neutral,Negative
Negative,Neutral,Negative,Neutral,Neutral,Negative
Neutral,Neutral,Neutral,Neutral,Neutral,Neutral
Neutral,Neutral,Neutral,Neutral,Neutral,Neutral
Neutral,Neutral,Neutral,Neutral,Neutral,Neutral
Neutral,Neutral,Neutral,Neutral,Neutral,Neutral
Neutral,Neutral,Neutral,Neutral,Neutral,Neutral
Negative,Neutral,Neutral,Negative,N/A,Negative
Positive,Positive,Neutral,Neutral,Neutral,Positive
Positive,Positive,Neutral,Neutral,Neutral,Positive
Positive,Positive,Neutral,Neutral,Neutral,Positive
Neutral,Neutral,Neutral,Positive,Neutral,Negative
Neutral,Neutral,Neutral,Positive,Positive,Neutral
Positive,Positive,Neutral,Neutral,Neutral,Positive
Positive,Positive,Neutral,Neutral,Neutral,Positive
Neutral,Neutral,Neutral,Neutral,Neutral,Neutral
Neutral,Neutral,Neutral,Neutral,Neutral,Neutral
Positive,Positive,Neutral,Neutral,Neutral,Positive
Neutral,Neutral,Neutral,Positive,Positive,Neutral
Neutral,Positive,Positive,Negative,Neutral,Neutral
Neutral,Positive,Positive,Negative,Neutral,Neutral
Positive,Positive,Neutral,Neutral,Neutral,Positive
Neutral,Positive,Positive,Negative,Neutral,Neutral
Neutral,Positive,Positive,Neutral,Neutral,Neutral
Positive,Positive,Neutral,Neutral,Neutral,Positive
Neutral,Neutral,Neutral,Negative,Neutral,Neutral
Neutral,Neutral,Neutral,Positive,Neutral,Neutral
Positive,Positive,Positive,Neutral,N/A,Neutral
Neutral,Neutral,Neutral,Neutral,Neutral,Neutral
Positive,Positive,Neutral,Neutral,Neutral,Positive
Positive,Positive,Neutral,Neutral,Neutral,Positive
Neutral,Neutral,Neutral,Neutral,Neutral,Neutral
Neutral,Neutral,Neutral,Positive,Positive,Neutral
Neutral,Neutral,Neutral,Positive,Neutral,Neutral
Positive,Positive,Neutral,Neutral,Neutral,Positive
Positive,Positive,Neutral,Neutral,Neutral,Positive
Positive,Positive,Neutral,Neutral,Neutral,Positive
Positive,Positive,Neutral,Neutral,Neutral,Positive
Neutral,Positive,N/A,Positive,Positive,N/A
Positive,Neutral,Neutral,Neutral,Neutral,Neutral
Neutral,Neutral,Neutral,Positive,Neutral,Neutral
Neutral,Neutral,Neutral,Positive,Positive,Neutral
Neutral,Neutral,Neutral,Positive,Neutral,Neutral
Positive,Positive,Neutral,Neutral,Neutral,Positive
Positive,Neutral,Positive,N/A,N/A,N/A
Neutral,Neutral,Negative,Neutral,Positive,Neutral
Neutral,Neutral,Negative,Neutral,Positive,Neutral
Neutral,Neutral,Negative,Neutral,Positive,Neutral
Positive,Positive,Neutral,Neutral,Neutral,Positive
Neutral,Neutral,Neutral,Positive,Positive,Neutral
Positive,Positive,Neutral,Neutral,Neutral,Positive
Neutral,Negative,Neutral,Negative,Neutral,Neutral
Positive,Positive,Neutral,Neutral,Neutral,Positive
Positive,Positive,Neutral,Neutral,Neutral,Positive
Neutral,Negative,Negative,Neutral,Neutral,Negative
Neutral,Neutral,Neutral,Positive,Positive,Neutral
Neutral,Neutral,Neutral,Neutral,Neutral,Neutral
Neutral,Neutral,Neutral,Neutral,N/A,Neutral
Positive,Positive,Neutral,Neutral,Neutral,Positive
Positive,Positive,Neutral,Neutral,Neutral,Positive
Positive,Positive,Neutral,Neutral,Neutral,Positive
Positive,Positive,Neutral,Neutral,Neutral,Positive
Positive,Positive,Neutral,Neutral,Neutral,Positive
Neutral,Neutral,Positive,Neutral,Neutral,N/A
Neutral,Neutral,Positive,Neutral,Positive,Neutral
Neutral,Neutral,Neutral,Neutral,Neutral,Neutral
Positive,Positive,Neutral,Neutral,Neutral,Positive
Neutral,Neutral,Neutral,Neutral,Neutral,Neutral
Positive,Positive,Neutral,Neutral,Neutral,Positive
Positive,Positive,Neutral,Neutral,Neutral,Positive
Neutral,Positive,Positive,Neutral,Neutral,Neutral
Neutral,Positive,Positive,Neutral,Neutral,Neutral
Neutral,Positive,Positive,Neutral,Neutral,Neutral
Positive,Positive,Positive,Negative,Neutral,Positive
Positive,Positive,Positive,Negative,Negative,Positive
Positive,Positive,Positive,Neutral,Neutral,Positive
Positive,Positive,Positive,Negative,Negative,Positive
Positive,Positive,Neutral,Neutral,Neutral,Positive
Neutral,Neutral,Positive,Negative,Neutral,Neutral
Neutral,Positive,Positive,Neutral,Neutral,Neutral
Neutral,Positive,Positive,Neutral,Neutral,Neutral
Positive,Positive,Positive,Neutral,Neutral,Positive
Positive,Positive,Neutral,Neutral,Neutral,Positive
Positive,Positive,Positive,Neutral,Neutral,Positive
Neutral,Neutral,Neutral,Neutral,Neutral,Neutral
Neutral,Neutral,Neutral,Neutral,Neutral,Negative
Positive,Positive,Neutral,Neutral,Neutral,Positive
Positive,Positive,Neutral,Neutral,Neutral,Positive
Positive,Positive,Neutral,Neutral,Neutral,Positive
Neutral,Neutral,Neutral,Neutral,Neutral,Neutral
Neutral,Neutral,Neutral,Neutral,Neutral,Positive
Neutral,Neutral,Neutral,Neutral,Neutral,Neutral
Positive,Positive,Positive,Neutral,Neutral,Positive
Neutral,Positive,Positive,Neutral,Neutral,Positive
Neutral,Positive,Positive,Neutral,Neutral,Positive
Neutral,Positive,Positive,Neutral,Neutral,Positive
Neutral,Positive,Positive,Neutral,Neutral,Positive
Positive,Positive,Neutral,Neutral,Neutral,Positive
Neutral,Neutral,Positive,Neutral,Neutral,Positive
Neutral,Neutral,Neutral,Neutral,Neutral,Neutral
Positive,Positive,Neutral,Neutral,Neutral,Positive
Neutral,Neutral,Neutral,Neutral,Neutral,Neutral
Neutral,Neutral,Neutral,Neutral,Neutral,Neutral
Neutral,Neutral,Positive,Neutral,Neutral,Neutral
Neutral,Neutral,Positive,Neutral,Neutral,Neutral
Positive,Positive,Neutral,Neutral,Neutral,Positive
Neutral,Neutral,Neutral,Neutral,Neutral,Neutral
Neutral,Negative,Neutral,Neutral,Neutral,Negative
Positive,Positive,Neutral,Neutral,Neutral,Positive
Positive,Positive,Neutral,Neutral,Neutral,Positive
Positive,Positive,Neutral,Neutral,Neutral,Positive
Neutral,Neutral,Neutral,Negative,Neutral,Neutral
Neutral,Neutral,Positive,Neutral,Neutral,Neutral
Neutral,Neutral,Neutral,Neutral,Neutral,Neutral
Neutral,Neutral,Positive,Neutral,Neutral,Neutral
Neutral,Neutral,Neutral,Neutral,Positive,Neutral
Neutral,Neutral,Positive,Neutral,Positive,Neutral
Positive,Positive,Neutral,Neutral,Neutral,Positive
Positive,Positive,Neutral,Neutral,Neutral,Positive
Positive,Positive,Neutral,Neutral,Neutral,Positive
Positive,Positive,Neutral,Neutral,Neutral,Positive
Positive,Neutral,N/A,N/A,N/A,N/A
Neutral,Neutral,Neutral,Neutral,Positive,Neutral
Positive,Positive,Neutral,Neutral,Neutral,Positive
Positive,Positive,Neutral,Neutral,Neutral,Positive
Positive,Positive,Positive,Neutral,Positive,Positive
Positive,Positive,Neutral,Neutral,Neutral,Positive
Positive,Positive,Positive,Neutral,Neutral,Neutral
Positive,Positive,Neutral,Neutral,Neutral,Positive
Positive,Neutral,Neutral,Neutral,Neutral,Positive
Positive,Neutral,Neutral,Neutral,Neutral,Positive
Positive,Positive,Positive,Neutral,Neutral,Positive
Neutral,Neutral,Neutral,Neutral,Neutral,Neutral
Neutral,Neutral,Neutral,Neutral,N/A,N/A
Positive,Positive,Neutral,Neutral,Neutral,Positive
Positive,Positive,Neutral,Neutral,Neutral,Positive
Neutral,N/A,N/A,N/A,N/A,N/A
Neutral,Neutral,Positive,Neutral,Neutral,Neutral
Positive,Positive,Neutral,Neutral,Neutral,Neutral
Positive,Positive,Positive,Neutral,Neutral,Neutral
Neutral,Neutral,Positive,Neutral,Neutral,Neutral
Neutral,Neutral,Positive,Neutral,Neutral,Neutral
Neutral,Neutral,Neutral,Neutral,Neutral,N/A
Neutral,Positive,Neutral,Neutral,Neutral,Negative
Neutral,Neutral,Neutral,Neutral,Neutral,Neutral
Neutral,Neutral,Neutral,Neutral,Neutral,Neutral
Negative,Negative,Neutral,Negative,Neutral,Negative
Neutral,Neutral,Neutral,Neutral,Neutral,Neutral
Positive,Positive,Neutral,Neutral,Neutral,Positive
Neutral,Neutral,Neutral,Neutral,Neutral,Neutral
Negative,Negative,Negative,Neutral,Neutral,Negative
Neutral,Neutral,Neutral,Negative,Neutral,Neutral
Neutral,Positive,Neutral,Neutral,Neutral,Neutral
Positive,Positive,Neutral,Neutral,Neutral,Positive
Positive,Positive,Neutral,Neutral,Neutral,Positive
Positive,Positive,Neutral,Neutral,Neutral,Positive
Positive,Positive,N/A,Neutral,Neutral,Positive
Positive,Positive,Neutral,Neutral,Neutral,Positive
Neutral,Neutral,Neutral,Neutral,Neutral,Neutral
Neutral,Neutral,Neutral,Neutral,Neutral,Neutral
Positive,Neutral,Neutral,Neutral,Neutral,Neutral
Neutral,Neutral,Neutral,Neutral,Neutral,Neutral
Positive,Neutral,Neutral,Neutral,Neutral,Neutral
Neutral,Neutral,Neutral,Neutral,Neutral,Neutral
Neutral,Neutral,Neutral,Neutral,Neutral,Neutral
Positive,Positive,Neutral,Neutral,Neutral,Positive
Neutral,N/A,N/A,Positive,N/A,N/A
Neutral,Neutral,N/A,Neutral,Neutral,Positive
Neutral,Neutral,N/A,Neutral,N/A,Positive
Neutral,Neutral,N/A,Neutral,Neutral,Neutral
Positive,Positive,Neutral,Neutral,Neutral,Positive
Neutral,Neutral,Neutral,Positive,Neutral,Negative
Neutral,N/A,N/A,N/A,N/A,N/A
Neutral,Neutral,Neutral,Positive,N/A,Neutral
Neutral,Neutral,Neutral,Negative,N/A,Neutral
Negative,Neutral,Neutral,Neutral,Neutral,Negative
Neutral,Neutral,Neutral,Positive,Positive,Neutral
Neutral,Neutral,Neutral,Positive,Positive,Neutral
Positive,Positive,Neutral,Neutral,Neutral,Positive
Neutral,Neutral,Neutral,Positive,Positive,Neutral
Neutral,Neutral,Neutral,Positive,Positive,Neutral
Neutral,Neutral,Neutral,Positive,Positive,Neutral
Neutral,Neutral,Neutral,Positive,Positive,Neutral
Negative,Negative,Neutral,Positive,Positive,Neutral
Negative,Negative,Neutral,Positive,Positive,Neutral
Neutral,Neutral,N/A,Neutral,N/A,N/A
Positive,Positive,Neutral,Neutral,Neutral,Positive
Positive,Neutral,Neutral,Neutral,Neutral,Positive
Positive,Neutral,Neutral,Neutral,Neutral,Positive
Positive,Positive,Neutral,Neutral,Neutral,Neutral
Neutral,N/A,N/A,N/A,N/A,N/A
Positive,Positive,Neutral,Neutral,Neutral,Positive
Positive,Positive,Neutral,Neutral,Neutral,Positive
Negative,Negative,Neutral,Neutral,Neutral,Negative
Negative,Negative,Neutral,Neutral,Neutral,Negative
Positive,Positive,Neutral,Neutral,Neutral,Positive
Neutral,Neutral,Neutral,Negative,Neutral,Neutral
Neutral,Neutral,Neutral,Positive,Neutral,Neutral
Neutral,Neutral,N/A,N/A,N/A,N/A
Neutral,Neutral,Neutral,Neutral,Neutral,Neutral
Neutral,Neutral,Neutral,Negative,Neutral,Negative
